Paper_ID,Initials (of screener),Include/Exclude,Inconclusive Note,Exclusion T0: CalCOFI Report,Exclusion T1: Not a target marine species,Exclusion T2: Outdated (older than 1900),Exclusion T3: Not a poleward movement,Exclusion T3: Not in California (at least partially),Latin name,Species reference,Common name,Taxanomic rank,Life stage (verbatim),Planktonic Larval Duration (PLD),Spawn Season,Observation location (verbatim),Latitude (verbatim),Longitude (verbatim),lat_for_plot,Lat for plot origin,lon_for_plot,Lon for plot origin,Year,Month,Day,Time,Historical northern range edge (verbatim),Historical northern range edge reference (if not the paper),Screening Notes
1,JKS,Exclude,,,,,TRUE,,,,,,,,,,,,,,,,,,,,,,
2,JKS,Exclude,,,,,,TRUE,,,,,,,,,,,,,,,,,,,,,
3,JKS,Exclude,,,TRUE,,,,,,,,,,,,,,,,,,,,,,,,
4,JKS,Exclude,,,,,TRUE,TRUE,,,,,,,,,,,,,,,,,,,,,
5,JKS,Exclude,,,TRUE,,,,,,,,,,,,,,,,,,,,,,,,
6,JKS,Exclude,,,,,,TRUE,,,,,,,,,,,,,,,,,,,,,
7,JKS,Exclude,,,,,TRUE,TRUE,,,,,,,,,,,,,,,,,,,,,
8,JKS,Exclude,,,,,TRUE,TRUE,,,,,,,,,,,,,,,,,,,,,
9,JKS,Exclude,,,TRUE,,,,,,,,,,,,,,,,,,,,,,,,
10,JKS,Exclude,,,,,,TRUE,,,,,,,,,,,,,,,,,,,,,
11,JKS,Exclude,,,,,TRUE,TRUE,,,,,,,,,,,,,,,,,,,,,
12,JKS,Exclude,,,,TRUE,,,,,,,,,,,,,,,,,,,,,,,
13,JKS,Include,,,,,,,Portunus xantusii,,Xantus Swimming Crab,Species,adult,45 days,,"Tomales Bay, CA","38°13'42.1""N","122°58'18.2""W",38.22836,Paper,-122.97186,Paper,2016,11,22,,370 km northward range expansion,,
14,JKS,Exclude,,,,,TRUE,TRUE,,,,,,,,,,,,,,,,,,,,,
15,JKS,Exclude,,,,TRUE,,,,,,,,,,,,,,,,,,,,,,,
16,JKS,Exclude,,,,,TRUE,,,,,,,,,,,,,,,,,,,,,,
17,BGL,Exclude,,,TRUE,,,,,,,,,,,,,,,,,,,,,,,,
18,EJW,Exclude,,,TRUE,,,,,,,,,,,,,,,,,,,,,,,,
19,EJW,Exclude,,,TRUE,,,,,,,,,,,,,,,,,,,,,,,,
20,TVT,Exclude,,,,TRUE,,,,,,,,,,,,,,,,,,,,,,,
21,EJW,Exclude,These are in Baja only - JKS,,,,,TRUE,Hemus finneganae,"Garth, J.S. 1958. Brachyura of the Pacific coast of America. Oxyrhyncha. Allan Hancock Pac. Exped., 21:1-854",,Species,"2 males, 3 ovigerous females",,,Puertecitos. BC,,,,,,,1958,April-May,,,"about 135 km north along the east coast of the BC peninsula, From Ángel de la Guarda Island, BC, and Puerto San Carlos. SON, GC, México, to Santa Elena bay. Ecuador, including the Revillagigedo islands (Garth, 1958)","Garth, J.S. 1958. Brachyura of the Pacific coast of America. Oxyrhyncha. Allan Hancock Pac. Exped., 21:1-854",
21,EJW,Exclude,These are in Baja only - JKS,,,,,TRUE,Microphrys platysoma,"Stimpson, 1860",,Species,"1 male, 3 females (1 ovigerous)",,,Puertecitos. BC,,,,,,,1986,May-June,,,"about 135 km north of its previous northernmost limit along the east coast of the BC peninsula, From Puerto Penasco, SON, and Peurto Refugio, Angel de la Guarda Island, BC, GC, Mexico, to Santa Elena Point, Ecuador, including Socorro Island (Garth 1958, Vogel 1966)","Garth, J.S. 1958. Brachyura of the Pacific coast of America. Oxyrhyncha. Allan Hancock Pac. Exped., 21:1-854, Vogel, B. R. 1966. A report on a collection of crabs from the Gulf of California. Southwest. Nat., 11(1):139-140",
21,EJW,Exclude,These are in Baja only - JKS,,,,,TRUE,Eriphia squamata,"Stimpson, 1859",,Species,1 female,,,"La Bajada Beach, Tortugas Bay, BCS",,,,,,,1993,October,15,,"about 370 km north of its previous northernmost limit on the west coast of the BC peninsula, From Puerto Penasco, SON, and San Felipe, BC, GC, Mexico, to Las Vacas near Capon, Peru; west coast of BC peninsula to San Juanico Bay, BCS","Garth, J.S. 1958. Brachyura of the Pacific coast of America. Oxyrhyncha. Allan Hancock Pac. Exped., 21:1-854, Garth, J.S. 1960. Distribution and affinities of the brachyuran Crustacea. (Symposium: The biogeography of Baja California and adjacent sea. Part II. Marine biotas.) Syst. Zool., 9:105-123.",
21,EJW,Exclude,These are in Baja only - JKS,,,,,TRUE,Xanthodius sternberghii,"Stimpson, 1859",,Species,"2 males, 2 females",,,"San Felipe and vicinity, BC",,,,,,,1988-1995,,,,"about 600 km north along the east coast of the BC peninsula, From Puerto Lobos, Guaymas, SON, and Mulege, BCS, GC, to Isla Maria Madre, off Nayarit, and west coast of BC peninsula to Magdalena Bay, BCS, Mexico","Villalobos-Hiriat et al., 1989. Listados Faunisticos de Mexico. I. Crustaceos estomato-podos y decapodos intermareales de las islas del Golfo de California, Mexico. Inst. de Biologia, Univ. Nacional Autonoma de Mexico, 114 pp. Hendrickx, M.E. 1995. Checklist of brachyuran crabs (Crustacea Decapoda) from the eastern tropical Pacific. Bull. Inst. Roy. Sci. Nat. Belgique (Biologie), 65: 125-150",
21,EJW,Exclude,These are in Baja only - JKS,,,,,TRUE,Xanthodius sternberghii,"Stimpson, 1859",,Species,"2 males, 3 females",,,Puertecitos. BC,,,,,,,1989,July-September,,,"about 600 km north along the east coast of the BC peninsula, From Puerto Lobos, Guaymas, SON, and Mulege, BCS, GC, to Isla Maria Madre, off Nayarit, and west coast of BC peninsula to Magdalena Bay, BCS, Mexico","Villalobos-Hiriat et al., 1989. Listados Faunisticos de Mexico. I. Crustaceos estomato-podos y decapodos intermareales de las islas del Golfo de California, Mexico. Inst. de Biologia, Univ. Nacional Autonoma de Mexico, 114 pp. Hendrickx, M.E. 1995. Checklist of brachyuran crabs (Crustacea Decapoda) from the eastern tropical Pacific. Bull. Inst. Roy. Sci. Nat. Belgique (Biologie), 65: 125-150",
21,EJW,Exclude,These are in Baja only - JKS,,,,,TRUE,Uca princeps princeps,"Smith, 1870",,Species,"10 males, 10 females",,,"Laguna Percebu, San Felipe, BC",,,,,,,1995,July-August,,,"about 390 km north of its previous northernmost limit in the GC, From Rasa Island (GC) and west coast of BC peninsula at Tortugas Bay, BCS (= Bartolome Bay), Mexico, to Zamurilla River, Peru","Crane, J. 1975, Fiddler Crabs of the World. Ocypodidae: Genus Uca. Princeton Univ. Press, Princeton, New Jersey, 736 pp., Villalobos-Hiriat et al., 1989. Listados Faunisticos de Mexico. I. Crustaceos estomato-podos y decapodos intermareales de las islas del Golfo de California, Mexico. Inst. de Biologia, Univ. Nacional Autonoma de Mexico, 114 pp. Hendrickx, M.E. 1995. Checklist of brachyuran crabs (Crustacea Decapoda) from the eastern tropical Pacific. Bull. Inst. Roy. Sci. Nat. Belgique (Biologie), 65: 125-150",
21,EJW,Exclude,These are in Baja only - JKS,,,,,TRUE,Euphylax robustus,"A. Milne-Edwards, 1874",,Species,"1 male, La Bajada Beach, Tortugas Bay, BCS",,,"Laguna Percebu, San Felipe, BC",,,,,,,1993,October,,,"first record of this species on the west coast of the BC peninsula, From Santa Clara, SON (GC), Mexico, to Paita, Peru","Garth, J.S. and Stephenson, W., 1966. Brachyura of the Pacific coast of America. Brachyrhyncha: Portunidae. Allan Hancock Monog. Mar. Biol., 1:1-154., Brusca, R.C. 1980. Common Intertidal Invertebrates of the Gulf of California. Univ. Arizona Press, Tucson, 513 pp.",
22,BGL,Exclude,,,,,,TRUE,,,,,,,,,,,,,,,,,,,,,
23,TVT,Exclude,,,,,,TRUE,,,,,,,,,,,,,,,,,,,,,
24,TVT,Exclude,,,TRUE,,,,,,,,,,,,,,,,,,,,,,,,
25,TVT,Exclude,,,TRUE,,,,,,,,,,,,,,,,,,,,,,,,
26,TVT,Exclude,,,,,TRUE,TRUE,,,,,,,,,,,,,,,,,,,,,
27,TVT,Exclude,,,,,TRUE,,,,,,,,,,,,,,,,,,,,,,
28,TVT,Exclude,,,,,TRUE,TRUE,,,,,,,,,,,,,,,,,,,,,
29,EJW,Exclude,,,,TRUE,,,,,,,,,,,,,,,,,,,,,,,
30,JKS,Exclude,,,,,TRUE,,,,,,,,,,,,,,,,,,,,,,
31,JKS,Exclude,,,,,TRUE,TRUE,,,,,,,,,,,,,,,,,,,,,
32,EJW,Exclude,These are in Baja only - JKS,,,,,TRUE,Atlanta oligogyra,"Tesch, 1906",,Species,shell,,,"~ 31 degrees north (IPN-CICIMAR, BIPOCO1407 sta. 103.3.40; 30 degrees 46' 51.5634""N, 117 degrees 4' 40.8""W","30 degrees 46' 51.5634""N","117 degrees 4' 40.8""W",,,,,,,,,"northernmost records in the east Pacific for this species before this study was in the Gulf of Tehuantepec (Moreno-Alcantara et al. 2014) and Gulf of California (Angulo-Campillo et al. 2011), Mexico., Cosmopolitan in tropical to subtropical waters, to 31 degrees north in the Pacific. Common to abundant.","Moreno-Alcantara et al. 2014. Holoplanktonic molluscs (Gastropoda: Pterotracheoidea, Thecosomata and Gymnosomata) from the southern Mexican Pacific. Journal of Molluscan Studies, 80, 131-138., Angulo-Campillo et al. 2011. Holoplanktonic mollusks (Mollusca: Gastropoda) from the Gulf of California, Mexico, Check List, 7, 337-342.",
32,EJW,Inconclusive,no date - JKS,,,,,,Protatlanta souleyeti,"Smith, 1888",,Species,shell,,,"the specimen used to determine this range extension was recorded off Oregon, USA (USNM 331110). Several specimens were observed in samples from off Baja California Peninsula (IPN-CICIMAR BIPOCO1407 cruise",,,,,,,,,,,"northernmost records in the east Pacific for this species before this study was in the Gulf of tehuantepec (Moreno-Alcantara et al. 2014) and Gulf of California (angulo-Campillo et al. 2011), Mexico. Cosmopolitan in tropical to subtropical waters, to ~46 degrees N, in the east Pacific. Uncommon.",Moreno-Alcantara et al. 2014. Angulo-Campillo et al. 2011.,
33,EJW,Inconclusive,can't find paper; I think the data was included in sanford et al 2019 - JKS,,,,,,,,,,,,,,,,,,,,,,,,,,
34,EJW,Exclude,,,TRUE,,,,,,,,,,,,,,,,,,,,,,,,
35,EJW,Exclude,,,,,TRUE,,,,,,,,,,,,,,,,,,,,,,
36,EJW,Exclude,,,,,TRUE,TRUE,,,,,,,,,,,,,,,,,,,,,
37,EJW,Exclude,,,,,TRUE,,,,,,,,,,,,,,,,,,,,,,"While this paper says that poleward expansions have possibly occured in the distributions of the species it covers, it also discusses that these are rarely observed species found to be spreading/introduced throughout the world's oceans and that some of the species previously believed to be invasives from elsewhere are in fact endemic species that were previously undiscribed, I would leave this paper out because it is underterminable from the evidence provided in this paper whether any true range extension into or out of California has occured. "
38,EJW,Exclude,,,,,,TRUE,,,,,,,,,,,,,,,,,,,,,
39,EJW,Exclude,,,,,TRUE,,,,,,,,,,,,,,,,,,,,,,
40,AF,Exclude,,,TRUE,,,,,,,,,,,,,,,,,,,,,,,,
41,AF,Inconclusive,Cites Pearcy 2002 as ref for range shift; use that paper instead,,,,,,,,,,,,,,,,,,,,,,,,,,
42,AF,Exclude,,,,TRUE,,,,,,,,,,,,,,,,,,,,,,,
43,AF,Exclude,,,,,TRUE,TRUE,,,,,,,,,,,,,,,,,,,,,
44,AF,Exclude,,,,,TRUE,TRUE,,,,,,,,,,,,,,,,,,,,,
45,JKS,Exclude,,,,,TRUE,,,,,,,,,,,,,,,,,,,,,,
46,JKS,Exclude,,,,,,TRUE,,,,,,,,,,,,,,,,,,,,,
47,JKS,Include,,,,,,,Pleuroncodes planipes,,pelagic red crab,Species,,,winter/spring,La Jolla,31.87,,31.87,Paper,,,1957,"June-July, October, December",,,southwest coast of the Baja California peninsula,,"the exact locations/date included in the publication for each of these is in the dataset associated with this paper. Also, There may be a way to track down the specific reference for each of these findinds and the associated life stage."
47,JKS,Include,,,,,,,Pleuroncodes planipes,,pelagic red crab,Species,,,winter/spring,Monterey,36.6,,36.6,Paper,,,1958,April,,,southwest coast of the Baja California peninsula,,"the exact locations/date included in the publication for each of these is in the dataset associated with this paper. Also, There may be a way to track down the specific reference for each of these findinds and the associated life stage."
47,JKS,Include,,,,,,,Pleuroncodes planipes,,pelagic red crab,Species,,,winter/spring,San Pedro,33.8,,33.8,Paper,,,1959,"January-March, December",,,southwest coast of the Baja California peninsula,,"the exact locations/date included in the publication for each of these is in the dataset associated with this paper. Also, There may be a way to track down the specific reference for each of these findinds and the associated life stage."
47,JKS,Include,,,,,,,Pleuroncodes planipes,,pelagic red crab,Species,,,winter/spring,Monterey,36.6,,36.6,Paper,,,1960,January ,,,southwest coast of the Baja California peninsula,,"the exact locations/date included in the publication for each of these is in the dataset associated with this paper. Also, There may be a way to track down the specific reference for each of these findinds and the associated life stage."
47,JKS,Include,,,,,,,Pleuroncodes planipes,,pelagic red crab,Species,,,winter/spring,Monterey,36.6,,36.6,Paper,,,1969,December,,,southwest coast of the Baja California peninsula,,"the exact locations/date included in the publication for each of these is in the dataset associated with this paper. Also, There may be a way to track down the specific reference for each of these findinds and the associated life stage."
47,JKS,Include,,,,,,,Pleuroncodes planipes,,pelagic red crab,Species,,,winter/spring,Monterey,36.6,,36.6,Paper,,,1970,January-March ,,,southwest coast of the Baja California peninsula,,"the exact locations/date included in the publication for each of these is in the dataset associated with this paper. Also, There may be a way to track down the specific reference for each of these findinds and the associated life stage."
47,JKS,Include,,,,,,,Pleuroncodes planipes,,pelagic red crab,Species,,,winter/spring,Monterey,36.6,,36.6,Paper,,,1972,December,,,southwest coast of the Baja California peninsula,,"the exact locations/date included in the publication for each of these is in the dataset associated with this paper. Also, There may be a way to track down the specific reference for each of these findinds and the associated life stage."
47,JKS,Include,,,,,,,Pleuroncodes planipes,,pelagic red crab,Species,,,winter/spring,Monterey,36.6,,36.6,Paper,,,1973,January-March ,,,southwest coast of the Baja California peninsula,,"the exact locations/date included in the publication for each of these is in the dataset associated with this paper. Also, There may be a way to track down the specific reference for each of these findinds and the associated life stage."
47,JKS,Include,,,,,,,Pleuroncodes planipes,,pelagic red crab,Species,,,winter/spring,Santa Cruz Island,34,,34,Paper,,,1979,April,,,southwest coast of the Baja California peninsula,,"the exact locations/date included in the publication for each of these is in the dataset associated with this paper. Also, There may be a way to track down the specific reference for each of these findinds and the associated life stage."
47,JKS,Include,,,,,,,Pleuroncodes planipes,,pelagic red crab,Species,,,winter/spring,Point Dume,34,,34,Paper,,,1980,February,,,southwest coast of the Baja California peninsula,,"the exact locations/date included in the publication for each of these is in the dataset associated with this paper. Also, There may be a way to track down the specific reference for each of these findinds and the associated life stage."
47,JKS,Include,,,,,,,Pleuroncodes planipes,,pelagic red crab,Species,,,winter/spring,San Nicolas Island,33.25,,33.25,Paper,,,1982,December,,,southwest coast of the Baja California peninsula,,"the exact locations/date included in the publication for each of these is in the dataset associated with this paper. Also, There may be a way to track down the specific reference for each of these findinds and the associated life stage."
47,JKS,Include,,,,,,,Pleuroncodes planipes,,pelagic red crab,Species,,,winter/spring,San Nicolas Island,33.25,,33.25,Paper,,,1983,July,,,southwest coast of the Baja California peninsula,,"the exact locations/date included in the publication for each of these is in the dataset associated with this paper. Also, There may be a way to track down the specific reference for each of these findinds and the associated life stage."
47,JKS,Include,,,,,,,Pleuroncodes planipes,,pelagic red crab,Species,,,winter/spring,San Nicolas Island,33.25,,33.25,Paper,,,1983,July,,,southwest coast of the Baja California peninsula,,"the exact locations/date included in the publication for each of these is in the dataset associated with this paper. Also, There may be a way to track down the specific reference for each of these findinds and the associated life stage."
47,JKS,Include,,,,,,,Pleuroncodes planipes,,pelagic red crab,Species,,,winter/spring,Duxbury Reef,37.902138,,37.902138,Paper,,,1985,January,,,southwest coast of the Baja California peninsula,,"the exact locations/date included in the publication for each of these is in the dataset associated with this paper. Also, There may be a way to track down the specific reference for each of these findinds and the associated life stage."
47,JKS,Include,,,,,,,Pleuroncodes planipes,,pelagic red crab,Species,,,winter/spring,Monterey Bay,36.6,,36.6,Paper,,,1997,,,,southwest coast of the Baja California peninsula,,"the exact locations/date included in the publication for each of these is in the dataset associated with this paper. Also, There may be a way to track down the specific reference for each of these findinds and the associated life stage."
47,JKS,Include,,,,,,,Pleuroncodes planipes,,pelagic red crab,Species,,,winter/spring,off California,,,32.55,Google Maps,,,2002,,,,southwest coast of the Baja California peninsula,,"the exact locations/date included in the publication for each of these is in the dataset associated with this paper. Also, There may be a way to track down the specific reference for each of these findinds and the associated life stage."
48,JKS,Exclude,,,,TRUE,,,,,,,,,,,,,,,,,,,,,,,
49,JKS,Exclude,,,,,TRUE,TRUE,,,,,,,,,,,,,,,,,,,,,
50,JKS,Exclude,,,,,TRUE,TRUE,,,,,,,,,,,,,,,,,,,,,
51,JKS,Exclude,,,,,TRUE,TRUE,,,,,,,,,,,,,,,,,,,,,
52,EJW,Inconclusive,requested article from the library,,,,,,,,,,,,,,,,,,,,,,,,,,
53,EJW,Inconclusive,see screening note,,,,,,Neanthes micromma,Harper 1979,,Species,,,,"Gulf of Nicoya, subtidal: STA 2; 9º55'28"" N, 84º52'05"" W, 18 m, muddy sand, Jan. 1980 (1); STA 4; 9º53'40"" N, 84º46'10"" W, 40 m, mud, Jul. 1980 (1); STA 24; 9º49'25"" N, 84º41'20"" W, 11 m, sand, Oct. 1980 (12), Jan. 1981 (2), Apr. 1981 (2), Jun. 1981 (2), Aug. 1981 (3), Dec. 1993 (3); STA 27; 9º51'57"" N, 84º50'50"" W, 12 m, muddy sand, Jul. 1980 (1); STA 28; 9º52'16"" N, 84º45'30"" W, 26 m, mud, Aug. 1981 (1), Apr. 1982 (1); STA 29; 9º54'55"" N, 84º45'15"" W, 18 m, muddy sand, Aug. 1981 (1); STA 30; 9º54'40"" N, 84º45'50"" W, 18 m, muddy sand, Oct. 1980 (2); STA 44; 9º59'17"" N, 84º54'25"" W, 24m, muddy sand, Jul. 1980 (1). Intertidal: Punta Morales, 10º N; 84º58' W, north side; intertidal mud, Sep. 1988 (1), Jul. 1997 (19); intertidal sand Jul. 1997 (9); man-grove roots, Jan. 1996 (1): Punta Morales, south side; mid-intertidal muddy sand Jun. 1983 (1), Jun. 1986 (1); Lagartos Point, fine sand Sep. 1988 (1); soupy mud Jul. 1997 (10); Algal mat, tidal pool, Sep. 1988 (1). Golfo Dulce, Intertidal: Golfito, mid-intertidal mud Sep. 1986 (1).","9º57'30"" N","84º53'00"" W",,,,,1980-1986,,,,known from the Gulf of Mexico on muddy sand and silt-clay sediments at depths of 10-50 meters and from the Gulf of California from fine and silty sands at 28-79 m. This species was collected intertidally in Costa Rica,,"southward range extension not northward!!!, also another species was observed for the first time near here but it was only the seccond time the species had been recorded so hard to say anything about its range"
54,EJW,Exclude,,,,,TRUE,TRUE,,,,,,,,,,,,,,,,,,,,,
55,EJW,Exclude,,,TRUE,,,,,,,,,,,,,,,,,,,,,,,,
56,EJW,Exclude,,,,TRUE,,,,,,,,,,,,,,,,,,,,,,,
57,EJW,Exclude,,,,,TRUE,,,,,,,,,,,,,,,,,,,,,,
58,EJW,Exclude,,,TRUE,,,,,,,,,,,,,,,,,,,,,,,,
59,JKS,Exclude,,,,,TRUE,,,,,,,,,,,,,,,,,,,,,,
60,EJW,Exclude,,,,,TRUE,,,,,,,,,,,,,,,,,,,,,,
61,JKS,Exclude,,,,,TRUE,TRUE,,,,,,,,,,,,,,,,,,,,,
62,JKS,Exclude,,,,TRUE,,,,,,,,,,,,,,,,,,,,,,,
63,JKS,Exclude,,,,,TRUE,,,,,,,,,,,,,,,,,,,,,,
64,JKS,Exclude,,,,,,TRUE,,,,,,,,,,,,,,,,,,,,,
65,JKS,Exclude,,,,TRUE,,,,,,,,,,,,,,,,,,,,,,,
66,BGL,Exclude,,,,,TRUE,,,,,,,,,,,,,,,,,,,,,,
67,BGL,Exclude,,,TRUE,,,,,,,,,,,,,,,,,,,,,,,,
68,BGL,Exclude,,,,,,TRUE,,,,,,,,,,,,,,,,,,,,,
69,BGL,Exclude,,,,,,,,,,,,,,,,,,,,,,,,,,,
70,JKS,Include,,,,,,,Tetraclita rubescens,,volcano barnacle,species,,"Pelagic larval duration is ∼3–4 weeks (ES, unpublished data). Metamorphosed barnacles reach sexual maturity at 2 years and may live 10–15 years",June-November,Tomales Point,38°14′N,,38.2333,Paper,,,1948,June,,,"San Francisco Bay in CA, USA (37°30′N)",Newman & Abbott 1980,"latitude is noted abundance peaks, not whole range, see linked graph for that"
70,JKS,Include,,,,,,,Tetraclita rubescens,,volcano barnacle,species,,"Pelagic larval duration is ∼3–4 weeks (ES, unpublished data). Metamorphosed barnacles reach sexual maturity at 2 years and may live 10–15 years",June-November,Shell Beach,38°25′N,,38.4167,Paper,,,1957,,,,"San Francisco Bay in CA, USA (37°30′N)",Newman & Abbott 1980,"latitude is noted abundance peaks, not whole range, see linked graph for that"
70,JKS,Include,,,,,,,Tetraclita rubescens,,volcano barnacle,species,,"Pelagic larval duration is ∼3–4 weeks (ES, unpublished data). Metamorphosed barnacles reach sexual maturity at 2 years and may live 10–15 years",June-November,Shell Beach,38°25′N,,38.4167,Paper,,,1970,,,,"San Francisco Bay in CA, USA (37°30′N)",Newman & Abbott 1980,"latitude is noted abundance peaks, not whole range, see linked graph for that"
70,JKS,Include,,,,,,,Tetraclita rubescens,,volcano barnacle,species,,"Pelagic larval duration is ∼3–4 weeks (ES, unpublished data). Metamorphosed barnacles reach sexual maturity at 2 years and may live 10–15 years",June-November,"Saunder's Reef, CA",38°52′N,,38.8667,Paper,,,1984,,,,"San Francisco Bay in CA, USA (37°30′N)",Newman & Abbott 1980,"latitude is noted abundance peaks, not whole range, see linked graph for that"
70,JKS,Include,,,,,,,Tetraclita rubescens,,volcano barnacle,species,,"Pelagic larval duration is ∼3–4 weeks (ES, unpublished data). Metamorphosed barnacles reach sexual maturity at 2 years and may live 10–15 years",June-November,"Cape Mendocino, CA",40°24′N,,40.4,Paper,,,1995,,,,"San Francisco Bay in CA, USA (37°30′N)",Newman & Abbott 1980,"latitude is noted abundance peaks, not whole range, see linked graph for that"
70,JKS,Include,,,,,,,Tetraclita rubescens,,volcano barnacle,species,,"Pelagic larval duration is ∼3–4 weeks (ES, unpublished data). Metamorphosed barnacles reach sexual maturity at 2 years and may live 10–15 years",June-November,"Cape Mendocino, CA",40°24′N,,40.4,Paper,,,1996,,,,"San Francisco Bay in CA, USA (37°30′N)",Newman & Abbott 1980,"latitude is noted abundance peaks, not whole range, see linked graph for that"
70,JKS,Include,,,,,,,Tetraclita rubescens,,volcano barnacle,species,,"Pelagic larval duration is ∼3–4 weeks (ES, unpublished data). Metamorphosed barnacles reach sexual maturity at 2 years and may live 10–15 years",June-November,"Cape Mendocino, CA",40°24′N,,40.4,Paper,,,2005,spring,,,"San Francisco Bay in CA, USA (37°30′N)",Newman & Abbott 1980,"latitude is noted abundance peaks, not whole range, see linked graph for that"
70,JKS,Include,,,,,,,Tetraclita rubescens,,volcano barnacle,species,,"Pelagic larval duration is ∼3–4 weeks (ES, unpublished data). Metamorphosed barnacles reach sexual maturity at 2 years and may live 10–15 years",June-November,"Burn Hill, OR",42° 23′N,,42.3833,Paper,,,2007,,,,"San Francisco Bay in CA, USA (37°30′N)",Newman & Abbott 1980,"latitude is noted abundance peaks, not whole range, see linked graph for that"
71,BGL,Exclude,,,,,TRUE,,,,,,,,,,,,,,,,,,,,,,
72,BGL,Exclude,,,,,TRUE,,,,,,,,,,,,,,,,,,,,,,
73,BGL,Exclude,Baja only - JKS,,,,,TRUE,Atlanta Brunnea,,,species,,,,Mexican Pacific off the BCP,32º N,110° 00′- 122° 00’ W,,,,,2015-16,"september-november 2015, january 2016, april 2016",,,equitorial and south pacific ocean,,
73,BGL,Exclude,Baja only - JKS,,,,,TRUE,Atlanta echinogyra,,,species,,,,Mexican Pacific off the BCP,~24.5º N,110° 00′- 122° 00’ W,,,,,2015-16,"september-november 2015, january 2016, april 2016",,,Indo-pacific ,,
73,BGL,Exclude,Baja only - JKS,,,,,TRUE,Atlanta frontieri,,,species,,,,Mexican Pacific off the BCP,26.5º N,110° 00′- 122° 00’ W,26.5º N,,,,2015-16,"september-november 2015, january 2016, april 2016",,,"western pacific and indian ocean and equitorial/tropical southeast pacific, used figure four on this paper https://ftp.sccwrp.org/pub/download/DOCUMENTS/WorkPlan/RestrictedJournalArticles/1038_BiogeographyAndGeneticDiversityOfAtlantidHeteropods_DoNotPost.pdf",,
73,BGL,Exclude,Baja only - JKS,,,,,TRUE,Atlanta gibbosa,,,species,,,,Mexican Pacific off the BCP,24º N,110° 00′- 122° 00’ W,24º N,,,,2015-16,"september-november 2015, january 2016, april 2016",,,"equitorial and tropical zones, used figure four on this paper https://ftp.sccwrp.org/pub/download/DOCUMENTS/WorkPlan/RestrictedJournalArticles/1038_BiogeographyAndGeneticDiversityOfAtlantidHeteropods_DoNotPost.pdf",,
73,BGL,Exclude,Baja only - JKS,,,,,TRUE,Atlanta helicinoidea,,,species,,,,Mexican Pacific off the BCP,32º N,110° 00′- 122° 00’ W,32º N,,,,2015-16,"september-november 2015, january 2016, april 2016",,,"equitorial and tropical-subtropical zones, used figure four on this paper https://ftp.sccwrp.org/pub/download/DOCUMENTS/WorkPlan/RestrictedJournalArticles/1038_BiogeographyAndGeneticDiversityOfAtlantidHeteropods_DoNotPost.pdf",,
73,BGL,Exclude,Baja only - JKS,,,,,TRUE,Atlanta plana,,,species,,,,Mexican Pacific off the BCP,25ºN,110° 00′- 122° 00’ W,25ºN,,,,2015-16,"september-november 2015, january 2016, april 2016",,,"eastern pacfic and indian ocean and central pacific ocean, used same source as above",,
73,BGL,Exclude,Baja only - JKS,,,,,TRUE,Atlanta tokiokai,,,species,,,,Mexican Pacific off the BCP,26ºN,110° 00′- 122° 00’ W,26ºN,,,,2015-16,"september-november 2015, january 2016, april 2016",,,tropical and subtropical waters globally,,
73,BGL,Exclude,Baja only - JKS,,,,,TRUE,Oxygyrus inflatus,,,species,,,,Mexican Pacific off the BCP,25.5ºN,110° 00′- 122° 00’ W,25.5ºN,,,,2015-16,"september-november 2015, january 2016, april 2016",,,tropical and subtropical waters globally,,
74,JKS,Exclude,,,,,,TRUE,,,,,,,,,,,,,,,,,,,,,
75,BGL,Exclude,,,,,,TRUE,,,,,,,,,,,,,,,,,,,,,
76,BGL,Exclude,,,,,TRUE,TRUE,,,,,,,,,,,,,,,,,,,,,
77,AF,Exclude,,,TRUE,,,,,,,,,,,,,,,,,,,,,,,,
78,AF,Exclude,,,TRUE,,,,,,,,,,,,,,,,,,,,,,,,This paper is really relevant generally (and I know Jordana has read it) but does hydrodynamic modeling of transport only; there is no biological data reported. 
79,AF,Exclude,,,TRUE,,,,,,,,,,,,,,,,,,,,,,,,
80,AF,Exclude,,,,,,TRUE,,,,,,,,,,,,,,,,,,,,,
81,AF,Inconclusive,"Centroid shifts over time only, no data on range extension or range edges ",,,,,,,,,,,,,,,,,,,,,,,,,,
82,BGL,Exclude,,,,,,TRUE,,,,,,,,,,,,,,,,,,,,,
83,BGL,Exclude,,,,,TRUE,,,,,,,,,,,,,,,,,,,,,,
84,BGL,Exclude,,,,,TRUE,,,,,,,,,,,,,,,,,,,,,,
85,BGL,Exclude,invasive sp - JKS,,TRUE,,,,Carcinus maenas,,european green crab,species,"This northward range expansion is apparently the result of larval recruitment by a single cohort, corresponding to the predominant northern transport of surface waters and the approximate distance water moves during larval green crab development","Rice AL, Ingle RW (1975) The larval development of Carcinus maenas (L.) and C. mediterrananeus Czernaivshy (Crustacea, Brachyura, Portunidae) reared in the laboratory. Bull Br Mus nat Hist (D: Zool) 28:103–119 ... (can get at uc for future reference) ",,"At Bodega Harbor, the current northern range limit",,,,,,,1993,January,,,"We document the current distribution and range expansion of this species beyond San Francisco Bay, where C. maenas first became established along this coast in 1989-1990,",,"this species is invasive and disruptive to areas, could be difficult to track a record on ca coast. I included because poleward movement"
86,BGL,Exclude,,,TRUE,,,,,,,,,,,,,,,,,,,,,,,,
87,BGL,Exclude,,,TRUE,,,,,,,,,,,,,,,,,,,,,,,,
88,BGL,Exclude,,,,,,TRUE,,,,,,,,,,,,,,,,,,,,,
89,BGL,Exclude,,,TRUE,,,,,,,,,,,,,,,,,,,,,,,,
90,BGL,Exclude,,,,,TRUE,,,,,,,,,,,,,,,,,,,,,,
91,BGL,Exclude,,,,,,TRUE,,,,,,,,,,,,,,,,,,,,,
92,BGL,Exclude,,TRUE,,,,,,,,,,,,,,,,,,,,,,,,,
93,BGL,Exclude,,,TRUE,,,,,,,,,,,,,,,,,,,,,,,,
94,BGL,Exclude,,,,,,TRUE,,,,,,,,,,,,,,,,,,,,,
95,JKS,Include,,,,,,,Dosidicus gigas,,humboldt squid,species,,,,"Monterey Bay, CA",,,36.793978,Google Maps,,,1997,,,,"From these warm waters, its historical range extends along the subtropical coasts of both North and South America",,
95,JKS,Include,,,,,,,Dosidicus gigas,,humboldt squid,species,,,,"Monterey Bay, CA",,,36.793978,Google Maps,,,1998,,,,"From these warm waters, its historical range extends along the subtropical coasts of both North and South America",,
95,JKS,Include,,,,,,,Dosidicus gigas,,humboldt squid,species,,,,"Monterey Bay, CA",,,36.793978,Google Maps,,,1999,,,,"From these warm waters, its historical range extends along the subtropical coasts of both North and South America",,
95,JKS,Include,,,,,,,Dosidicus gigas,,humboldt squid,species,,,,"Monterey Bay, CA",,,36.793978,Google Maps,,,2000,,,,"From these warm waters, its historical range extends along the subtropical coasts of both North and South America",,
95,JKS,Include,,,,,,,Dosidicus gigas,,humboldt squid,species,,,,"Monterey Bay, CA",,,36.793978,Google Maps,,,2002,,,,"From these warm waters, its historical range extends along the subtropical coasts of both North and South America",,
96,BGL,Exclude,,,,,TRUE,,,,,,,,,,,,,,,,,,,,,,
97,BGL,Exclude,,,,TRUE,,,,,,,,,,,,,,,,,,,,,,,
98,BGL,Exclude,northward range edge in oregon - JKS,,,,,TRUE,Pachygrapsus crassipes,,lined shore crab,species,larvae and adult ,"possesses six planktonic feeding larval stages (Schlotterbeck 1976). The first five zoea stages develop in the plankton in neritic regions, whereas the final stage, or megalopa, disperses onshore and molts into intertidal juvenile crabs.",,sampling sites around Bamfield Marine Station Centre and in Nootka Sound on Vancouver Island (Supplementary Table S1).2 Only the Bamfield site was sampled systematically (1993–2020; Fig. 1),"(BMSC; 48.8333°N, 125.1428°W), and (49.5234°N, 126.5719°W)",,,,,,"1997, 1999, 2000, 2002, 2003, 2016-2019",,,, has a historical permanent geographical range from southern Oregon (USA) to Baja California (Mexico) (Blanchette et al. 2008). It is a common resident of the upper intertidal zones and lives in rock crevices,,"discovered a 2-3 yr lag to find adults following an el nino event due to 6 larval stages. after 2015 el nino, crabs were spotted until august of 2020"
99,BGL,Exclude,,,,,TRUE,,,,,,,,,,,,,,,,,,,,,,
100,BGL,Exclude,,,TRUE,,,,,,,,,,,,,,,,,,,,,,,,
101,BGL,Exclude,,,TRUE,,,,,,,,,,,,,,,,,,,,,,,,
102,BGL,Exclude,northward range edge north of CA - JKS,,,,,TRUE,nucella ostrina,,n. striped dogwinkle,species,,,,santa cruz CA to kodiak island AK,,,,,,,"1997, 1998",december '97-november -98,,,biogeographical history of broadly distributed intertidal marine species in the northeastern Pacific,,
102,BGL,Exclude,northward range edge north of CA - JKS,,,,,TRUE,nuchella lamellosa ,,frilled dogwinkle,species,,,,coos bay OR to chiniak AK,,,,,,,"1997, 1998",december '97-november -98,,,,,
103,TVT,Exclude,,,TRUE,,,,,,,,,,,,,,,,,,,,,,,,
104,TVT,Exclude,,,,,,TRUE,,,,,,,,,,,,,,,,,,,,,
105,TVT,Exclude,,,TRUE,,,,,,,,,,,,,,,,,,,,,,,,
106,TVT,Exclude,,,,,,TRUE,,,,,,,,,,,,,,,,,,,,,
107,TVT,Exclude,invasiv sp. - JKS,,TRUE,,,,Mytilus galloprovincialis,,Mediterranean mussel,species,,,,Monterey Bay to Humboldt Bay,,,,,,,"2005, 2006, 2007",,,,Humboldt Bay,,
108,TVT,Exclude,,,,,,TRUE,,,,,,,,,,,,,,,,,,,,,
109,BGL,Exclude,,,,,,TRUE,,,,,,,,,,,,,,,,,,,,,
110,TVT,Exclude,,,,,,TRUE,,,,,,,,,,,,,,,,,,,,,
111,TVT,Exclude,,,,,,TRUE,,,,,,,,,,,,,,,,,,,,,
112,JKS,Exclude,invasiv sp. - JKS,,TRUE,,,,Carcinus maenas,,European green crab,species,,4-9 weeks,warmer months; February-April; June-July,Bodega Bay,,,,,,,1993,,,,San Francisco,,
112,JKS,Exclude,invasiv sp. - JKS,,TRUE,,,,Carcinus maenas,,European green crab,species,,4-9 weeks,warmer months; February-April; June-July,"Coos Bay, Oregon",,,,,,,1997,,,,San Francisco,,
113,TVT,Exclude,,,,,,TRUE,,,,,,,,,,,,,,,,,,,,,
114,BGL,Exclude,,,,,TRUE,,,,,,,,,,,,,,,,,,,,,,
115,TVT,Exclude,compares modern to pleistocene range edges - JKS,,,TRUE,,,Bivalvia,,,class,,,,,,,,,,,,,,,,,
116,TVT,Exclude,,,,,TRUE,,,,,,,,,,,,,,,,,,,,,,
117,BGL,Exclude,,,TRUE,,,,,,,,,,,,,,,,,,,,,,,,
118,TVT,Exclude,,,,,TRUE,,,,,,,,,,,,,,,,,,,,,,
119,BGL,Exclude,,,,,TRUE,,,,,,,,,,,,,,,,,,,,,,
120,BGL,Exclude,,,TRUE,,,,,,,,,,,,,,,,,,,,,,,,
121,BGL,Exclude,,,,,,TRUE,,,,,,,,,,,,,,,,,,,,,
122,EJW,Exclude,,,TRUE,,,,,,,,,,,,,,,,,,,,,,,,
123,EJW,Exclude,,,,,TRUE,,,,,,,,,,,,,,,,,,,,,,
124,JKS,Exclude,,,,,TRUE,,,,,,,,,,,,,,,,,,,,,,
125,JKS,Exclude,,,,,TRUE,,,,,,,,,,,,,,,,,,,,,,
126,JKS,Exclude,,,TRUE,,,,,,,,,,,,,,,,,,,,,,,,
127,JKS,Exclude,,,,,TRUE,TRUE,,,,,,,,,,,,,,,,,,,,,
128,EJW,Exclude,,,,,TRUE,,,,,,,,,,,,,,,,,,,,,,
129,EJW,Exclude,,,,,,TRUE,,,,,,,,,,,,,,,,,,,,,
130,EJW,Exclude,,,TRUE,,,,,,,,,,,,,,,,,,,,,,,"status of Porites sverdrupi, an endemic coral of the Gulf of",
131,EJW,Exclude,,,,,,TRUE,,,,,,,,,,,,,,,,,,,,California. Cienc Mar 29:677–691,
132,EJW,Exclude,"*simulation of movements only, no observed shifts from real data",,,,TRUE,,,,,,,,,,,,,,,,,,,,,,
133,EJW,Exclude,*analysis of patterns associated with range shifts but not reporting any new data or shifts,,,,TRUE,,,,,,,,,,,,,,,,,,,,,,
134,EJW,Exclude,,,,,TRUE,TRUE,,,,,,,,,,,,,,,,,,,,,
135,EJW,Inconclusive,meeting presentation not a paper,,,,,,,,,,,,,,,,,,,,,,,,,,
136,EJW,Exclude,,,TRUE,TRUE,,,,,,,,,,,,,,,,,,,,,,,
137,EJW,Exclude,northward range edge in oregon - JKS,,,,,FALSE,Pachygrapsus crassipes,Randall,lined shore crab,species,,,,"Bamfield, Vancouver Island, British Columbia, Canada",,,,,,,1997,,,,"widely distributed along rocky shores of the eastern Pacific Coast, from Charleston, Oregon, USA, to central Baja California, Mexico (Sousa 1993). P. crassipes also inhabits the western Pacific Coasts of Japan and Korea, where it was first reported in 1890 (Hiatt 1948; Morris et al. 1980).","Sousa WP (1993) Size-dependent predation on the salt-marsh snail
Cerithidea californica Haldeman. J Exp Mar Biol Ecol 166:19–
37, Hiatt RW (1948) The biology of the lined shore crab, Pachygrapsus
crassipes Randall. Pac Sci 2:135–213, Morris RH, Abbott DP, Haderlie EC (1980) Intertidal invertebrates of California. Stanford University Press, Stanford",
138,EJW,Inconclusive,requested the paper from the library,,,,,,,,,,,,,,,,,,,,,,,,,,
139,EJW,Exclude,,,,,TRUE,,,,,,,,,,,,,,,,,,,,,,
140,BGL,Exclude,,,,,,TRUE,,,,,,,,,,,,,,,,,,,,,
141,BGL,Exclude,,,,,TRUE,,,,,,,,,,,,,,,,,,,,,,
142,BGL,Exclude,,,,,TRUE,,,,,,,,,,,,,,,,,,,,,,
143,BGL,Exclude,,,,,TRUE,,,,,,,,,,,,,,,,,,,,,,
144,BGL,Exclude,,TRUE,,,,,,,,,,,,,,,,,,,,,,,,,
145,BGL,Exclude,,,,TRUE,,TRUE,,,,,,,,,,,,,,,,,,,,,
146,BGL,Exclude,,,,,,TRUE,,,,,,,,,,,,,,,,,,,,,
147,BGL,Exclude,,,,,,TRUE,,,,,,,,,,,,,,,,,,,,,
148,BGL,Exclude,,,,,TRUE,TRUE,,,,,,,,,,,,,,,,,,,,,
149,BGL,Exclude,,,,,TRUE,,,,,,,,,,,,,,,,,,,,,,
150,BGL,Exclude,,,,TRUE,,,,,,,,,,,,,,,,,,,,,,,
151,BGL,Exclude,,,,,TRUE,TRUE,,,,,,,,,,,,,,,,,,,,,
152,EJW,Exclude,,,TRUE,,,,,,,,,,,,,,,,,,,,,,,,
153,EJW,Exclude,,,,,TRUE,,,,,,,,,,,,,,,,,,,,,,
154,EJW,Exclude,,,,,,TRUE,,,,,,,,,,,,,,,,,,,,,
155,EJW,Exclude,,,,,TRUE,TRUE,,,,,,,,,,,,,,,,,,,,,
156,EJW,Exclude,,,TRUE,,,,,,,,,,,,,,,,,,,,,,,,
157,EJW,Exclude,,,,TRUE,,,,,,,,,,,,,,,,,,,,,,,
158,BGL,Exclude,,,,,,TRUE,,,,,,,,,,,,,,,,,,,,,
159,BGL,Exclude,,,,TRUE,,,,,,,,,,,,,,,,,,,,,,,
160,BGL,Exclude,,,TRUE,,,,,,,,,,,,,,,,,,,,,,,,
161,BGL,Inconclusive,data came from 389. no date included in this paper - JKS,,,,,,Acanthinucella spirata,,,species,,,,"Cape Mendocino, California, USA (40.40°N)",40.396,-124.378,,,,,2017,june,17,,"Tomales Bay, CA",McLean 1978,cool map! https://link.springer.com/article/10.1007/s00442-024-05659-z/figures/1
162,TVT,Exclude,,,,,,TRUE,,,,,,,,,,,,,,,,,,,,,
163,JKS,Exclude,,,,,TRUE,TRUE,,,,,,,,,,,,,,,,,,,,,
164,JKS,Inconclusive,not really a range extensions since it was within the discussed historical range,,,,,,Pyrosoma atlanticum,,pyrosome,species,,,,"Cape Meares, OR",45.478,,,,,,2018,May,10,,"warm, tropical-temperate waters between 50° N and 50° S", (Van Soest 1981),
165,EJW,Exclude,,,,,TRUE,,,,,,,,,,,,,,,,,,,,,,
166,TVT,Exclude,,,,,TRUE,,,,,,,,,,,,,,,,,,,,,,
167,TVT,Exclude,,,TRUE,,,,,,,,,,,,,,,,,,,,,,,,
168,TVT,Exclude,,,TRUE,,,,,,,,,,,,,,,,,,,,,,,,
169,TVT,Exclude,,,,,TRUE,,,,,,,,,,,,,,,,,,,,,,
170,AF,Exclude,,TRUE,,,,,,,,,,,,,,,,,,,,,,,,,
171,AF,Exclude,,,,,TRUE,TRUE,,,,,,,,,,,,,,,,,,,,,Refs Field et Al 2007 (CALCOFI report) and Zeidberg and Robison 2007 (already in our paper database) for range shifts 
172,AF,Exclude,,,,,,TRUE,,,,,,,,,,,,,,,,,,,,,
173,AF,Exclude,,,TRUE,,,,,,,,,,,,,,,,,,,,,,,,
174,AF,Exclude,,,,,,TRUE,,,,,,,,,,,,,,,,,,,,,
175,AF,Include,,,,,,,Dosidicus gigas,,"Giant squid, Humboldt squid",species,adult,,"""spawning
events occurring probably throughout
the year""","Alaska (Yakutat at ~59° N, Wing 2006)",,,59,Paper,,,2004,,,,"""eastern Pacific Ocean from 25° N to 25° S""",,"Recorded northernmost point but many intermediate observations: ""Moreover, arrivals of this species farther north off
California (Zeidberg & Robison 2007), Oregon (Litz
et al. 2011), Washington (Litz et al. 2011), British
Columbia (Cosgrove 2005) and Alaska (Yakutat at
~59° N, Wing 2006) occurred after the El Niño of
1997−1998"""
176,AF,Exclude,,,,,TRUE,,,,,,,,,,,,,,,,,,,,,,
177,TVT,Exclude,,,,,TRUE,,,,,,,,,,,,,,,,,,,,,,
178,TVT,Exclude,,,,,,TRUE,,,,,,,,,,,,,,,,,,,,,
179,TVT,Exclude,,,,,TRUE,,,,,,,,,,,,,,,,,,,,,,
180,TVT,Exclude,,,,,TRUE,,,,,,,,,,,,,,,,,,,,,,
181,BGL ,Exclude,,,,,,,,,,,,,,,,,,,,,,,,,,,
182,TVT,Exclude,,,,TRUE,,,,,,,,,,,,,,,,,,,,,,,
183,TVT,Exclude,,,TRUE,,,,,,,,,,,,,,,,,,,,,,,,
184,TVT,Exclude,,,,,TRUE,,,,,,,,,,,,,,,,,,,,,,
185,JKS,Include,,,,,,,Serpulorbis squamigerus,,,species,,,,fitzgerald marine reserve,37°31′ N,,37.5167,Paper,,,1994,January,,,"""nowhere north of point conception""; ""It is now common at intertidal sites in the Monterey region""",Hadfield (1966),
185,BGL,Include,,,,,,,Serpulorbis squamigerus,,,species,,,,fitzgerald marine reserve,37°31′ N,,37.5167,Paper,,,1996,June,,,"""nowhere north of point conception""; ""It is now common at intertidal sites in the Monterey region""",Hadfield (1966),
186,TVT,Exclude,,,,,,TRUE,,,,,,,,,,,,,,,,,,,,,
187,JKS,Exclude,,,,,TRUE,TRUE,,,,,,,,,,,,,,,,,,,,,
188,JKS,Exclude,,,TRUE,,,,,,,,,,,,,,,,,,,,,,,,
189,JKS,Include,,,,,,,Crucigera websteri,"Benedict, 1887",,,Juvenile specimen,,,"Humboldt Bay, CA",,,40.724912,Google Maps,,,2003,September,,,Santa Barbara Island,,
189,JKS,Include,,,,,,,Hydroides gracilis,"Bush, 1905",,,,,,"San Francisco, CA",,,37.76588,Google Maps,,,2000,September,,,"Pacfic Grove, CA",Bush 1905,
189,JKS,Include,,,,,,,Hydroides elegans,"Haswell, 1883",,,,,,"Humboldt Bay, CA",,,40.724912,Google Maps,,,2003,September,,,"San Francisco, CA",,
190,TVT,Exclude,,,TRUE,,,,,,,,,,,,,,,,,,,,,,,,
191,TVT,Exclude,,,TRUE,,,,,,,,,,,,,,,,,,,,,,Sea of Cortez,"Martin & Haney, 2005",
192,TVT,Include,,,,,,,Neolithodes diomedeae,"Benedict, 1895",,species,adult,,,Central California,37°13 26.4N,123°12 00W,37.224,Paper,-123.2,,1999,October,25,,"Previous northernmost records were reported from the Gulf of California at 23°39 N at 1382 m depth (Parker, 1964) and between 16°33 N and 00°04 S off Mexico and Ecuador","Haig, 1974",
192,TVT,Include,,,,,,,Neolithodes diomedeae,"Benedict, 1895",,species,adult,,,Central California,34°58 51.6N,121°35 60.0W,34.981,Paper,-121.6,,2000,November,4,,"Previous northernmost records were reported from the Gulf of California at 23°39 N at 1382 m depth (Parker, 1964) and between 16°33 N and 00°04 S off Mexico and Ecuador","Haig, 1974",
192,TVT,Include,,,,,,,Neolithodes diomedeae,"Benedict, 1895",,species,adult,,,Central California,36°42 46.8N,122°17 60.0W,36.713,Paper,-122.3,,2001,October,31,,"Previous northernmost records were reported from the Gulf of California at 23°39 N at 1382 m depth (Parker, 1964) and between 16°33 N and 00°04 S off Mexico and Ecuador","Haig, 1974",
193,TVT,Exclude,,,TRUE,,,,,,,,,,,,,,,,,,,,,,,,
194,TVT,Inconclusive,"Mentions poleward shifts, but doesn't really talk about what historic ranges actually are",,,,,,,,,,,,,,,,,,,,,,,,,,
195,BGL,Exclude,paper references other papers discussing the range extensions - JKS,,,,TRUE,,Dosidicus gigas,,humboldt squid,species,,,,Monterey Bay ,,,,,,,1998,jan-mar (winter),,,,,"cool fun fact! After an initial pulse of Humboldt squid sightings in this region associated with the 1997/1998 El Niño (Fig. 2b), Humboldt squid were not seen until 2002, and were then encountered in every year through 2010."
196,TVT,Exclude,,,,,,TRUE,,,,,,,,,,,,,,,,,,,,,
197,TVT,Exclude,,,TRUE,,,,,,,,,,,,,,,,,,,,,,,,
198,TVT,Include,,,,,,,Pleuroncodes planipes,,Tuna crab,species,,,,,36.80N,,36.8,Paper,,,2013-2015,,,,27.84N,"Putnam-Abbott and Haderlie, 1980",The year range is ambiguously 2013-2015 for all.
198, JKS,Include,,,,,,,Arbacia stellata,,Spiny Black Urchin,species,,,,,37.00°N,,37,Paper,,,2013-2015,,,,27.84N,"Kroh and Mooi, 2015",The year range is ambiguously 2013-2015 for all.
198, JKS,Include,,,,,,,Lytechinus pictus,,Painted Sea Urchin,species,,,,,36.80°N,,36.8,Paper,,,2013-2015,,,,34.45°N ,"Love et al., 2005;",The year range is ambiguously 2013-2015 for all.
198, JKS,Include,,,,,,,Argonauta argo,,Greater Argonaut,species,,,,,36.80°N,,36.8,Paper,,,2013-2015,,,,34.00°N,"Love et al., 2005;",The year range is ambiguously 2013-2015 for all.
199,TVT,Exclude,,,,,,TRUE,,,,,,,,,,,,,,,,,,,,,
200,EJW,Exclude,,,,TRUE,,,,,,,,,,,,,,,,,,,,,,,
201,JKS,Exclude,,,,,,TRUE,,,,,,,,,,,,,,,,,,,,,
202,EJW,Exclude,,,,,TRUE,,,,,,,,,,,,,,,,,,,,,,
203,EJW,Exclude,,,,,TRUE,,,,,,,,,,,,,,,,,,,,,,
204,EJW,Exclude,,,,,TRUE,,,,,,,,,,,,,,,,,,,,,,
205,EJW,Exclude,,,,,,TRUE,,,,,,,,,,,,,,,,,,,,,
206,EJW,Exclude,,,,,TRUE,,,,,,,,,,,,,,,,,,,,,,
207,EJW,Exclude,,,,,TRUE,,,,,,,,,,,,,,,,,,,,,,
208,EJW,Exclude,,,,,TRUE,,,,,,,,,,,,,,,,,,,,,,
209,EJW,Exclude,,,,,TRUE,,,,,,,,,,,,,,,,,,,,,,
210,EJW,Exclude,,,TRUE,,,,,,,,,,,,,,,,,,,,,,,,
211,EJW,Exclude,,,,TRUE,,,,,,,,,,,,,,,,,,,,,,,
212,EJW,Exclude,,,,,TRUE,,,,,,,,,,,,,,,,,,,,,,
213,EJW,Exclude,,,,TRUE,,,,,,,,,,,,,,,,,,,,,,,
214,EJW,Exclude,,,TRUE,,,,,,,,,,,,,,,,,,,,,,,,
215,EJW,Exclude,,,,,,TRUE,,,,,,,,,,,,,,,,,,,,,
216,EJW,Exclude,,,TRUE,,,,,,,,,,,,,,,,,,,,,,,,
217,EJW,Exclude,,,,,TRUE,,,,,,,,,,,,,,,,,,,,,,
218,EJW,Exclude,,,,,TRUE,,,,,,,,,,,,,,,,,,,,,,
219,EJW,Exclude,,,TRUE,,,,,,,,,,,,,,,,,,,,,,,,
220,JKS,Exclude,,,,,TRUE,,,,,,,,,,,,,,,,,,,,,,
221,JKS,Exclude,,,TRUE,,,,,,,,,,,,,,,,,,,,,,,,
222,JKS,Exclude,,,,,TRUE,,,,,,,,,,,,,,,,,,,,,,
223,JKS,Include,,,,,,,Pryosoma atlanticum,"Peron, 1804",,species,,,,Washington,,,46.288831,Google Maps,,,2014,,,,Pyrosomes are relatively common off of the California coast south of Cape Mendocino,,
223,JKS,Include,,,,,,,Pryosoma atlanticum,"Peron, 1804",,species,,,,Washington,,,46.288831,Google Maps,,,2015,,,,Pyrosomes are relatively common off of the California coast south of Cape Mendocino,,
223,JKS,Include,,,,,,,Pryosoma atlanticum,"Peron, 1804",,species,,,,Washington,,,46.288831,Google Maps,,,2016,,,,Pyrosomes are relatively common off of the California coast south of Cape Mendocino,,
223,JKS,Include,,,,,,,Pryosoma atlanticum,"Peron, 1804",,species,,,,"Vancouver Island, BC, Canada",49,,49,Paper,,,2017,August,,,Pyrosomes are relatively common off of the California coast south of Cape Mendocino,,
224,JKS,Exclude,,,,,TRUE,TRUE,,,,,,,,,,,,,,,,,,,,,
225,JKS,Exclude,,,,,TRUE,TRUE,,,,,,,,,,,,,,,,,,,,,
226,JKS,Exclude,,,,,,TRUE,,,,,,,,,,,,,,,,,,,,,
227,JKS,Exclude,,,,,TRUE,TRUE,,,,,,,,,,,,,,,,,,,,,
228,JKS,Exclude,,,,,TRUE,TRUE,,,,,,,,,,,,,,,,,,,,,
229,JKS,Exclude,,,TRUE,,,,,,,,,,,,,,,,,,,,,,,,
230,JKS,Exclude,,,,,TRUE,,,,,,,,,,,,,,,,,,,,,,
231,JKS,Exclude,,,,,TRUE,TRUE,,,,,,,,,,,,,,,,,,,,,
232,JKS,Exclude,,,,TRUE,,,,,,,,,,,,,,,,,,,,,,,
233,JKS,Include,,,,,,,Pryosoma atlanticum,,,species,,,,"Newport, OR",44.652,−124.295,44.652,Paper,124.295,Paper,2018,July,3-12,,"50°N to 50°S, though normally uncommon in the eastern Pacific north of southern California","Van Soest, 1981",
234,JKS,Exclude,,,,,TRUE,,,,,,,,,,,,,,,,,,,,,,
235,JKS,Exclude,,,TRUE,,,,,,,,,,,,,,,,,,,,,,,,
236,JKS,Exclude,,,,,TRUE,,,,,,,,,,,,,,,,,,,,,,
237,JKS,Exclude,,,,,TRUE,TRUE,,,,,,,,,,,,,,,,,,,,,
238,JKS,Exclude,invasion in progress,,,,TRUE,,,,,,,,,,,,,,,,,,,,,,
239,JKS,Exclude,,,TRUE,,,,,,,,,,,,,,,,,,,,,,,,
240,JKS,Exclude,,,TRUE,,,,,,,,,,,,,,,,,,,,,,,,
241,JKS,Exclude,,,,,TRUE,TRUE,,,,,,,,,,,,,,,,,,,,,
242,JKS,Exclude,,,,,,TRUE,,,,,,,,,,,,,,,,,,,,,
243,JKS,Exclude,,,,,TRUE,,,,,,,,,,,,,,,,,,,,,,
244,JKS,Exclude,,,,,TRUE,,,,,,,,,,,,,,,,,,,,,,
245,JKS,Exclude,,,TRUE,,,,,,,,,,,,,,,,,,,,,,,,
246,JKS,Exclude,,,,,TRUE,,,,,,,,,,,,,,,,,,,,,,
247,JKS,Exclude,,,,,TRUE,,,,,,,,,,,,,,,,,,,,,,
248,JKS,Exclude,,,,,TRUE,,,,,,,,,,,,,,,,,,,,,,
249,JKS,Exclude,,,,,TRUE,TRUE,,,,,,,,,,,,,,,,,,,,,
250,EJW,Exclude,,,,,TRUE,,,,,,,,,,,,,,,,,,,,,,
251,EJW,Exclude,,,,,TRUE,,,,,,,,,,,,,,,,,,,,,,
252,EJW,Exclude,,,,,TRUE,,,,,,,,,,,,,,,,,,,,,,
253,EJW,Exclude,,,,TRUE,,,,,,,,,,,,,,,,,,,,,,,
254,EJW,Exclude,,,,,,TRUE,,,,,,,,,,,,,,,,,,,,,
255,EJW,Exclude,,,,,TRUE,,,,,,,,,,,,,,,,,,,,,,
256,EJW,Inconclusive,"*read and check for papers to add to the backwards search. this is a highly relevant paper even though I don't think it has the data we're looking for for this spreadsheet. I dropped it in the slack for you, Jordana Sevigny",,,,,,,,,,,,,,,,,,,,,,,,,,
257,EJW,Exclude,,,TRUE,,,,,,,,,,,,,,,,,,,,,,,,
258,EJW,Exclude,,,TRUE,,,,,,,,,,,,,,,,,,,,,,,,
259,EJW,Exclude,,,,,,TRUE,,,,,,,,,,,,,,,,,,,,,
260,EJW,Exclude,,,TRUE,,,,,,,,,,,,,,,,,,,,,,,,
261,EJW,Exclude,,,,,TRUE,,,,,,,,,,,,,,,,,,,,,,
262,EJW,Exclude,,,,,,TRUE,,,,,,,,,,,,,,,,,,,,,
263,EJW,Exclude,,,,,TRUE,TRUE,,,,,,,,,,,,,,,,,,,,,
264,EJW,Exclude,,,,,TRUE,,,,,,,,,,,,,,,,,,,,,,
265,EJW,Exclude,,,TRUE,,,,,,,,,,,,,,,,,,,,,,,,
266,EJW,Exclude,,,,,TRUE,,,,,,,,,,,,,,,,,,,,,,
267,EJW,Exclude,,,TRUE,,,,,,,,,,,,,,,,,,,,,,,,
268,EJW,Exclude,,,,,TRUE,,,,,,,,,,,,,,,,,,,,,,
269,EJW,Exclude,,,,,TRUE,TRUE,,,,,,,,,,,,,,,,,,,,,
270,EJW,Exclude,,,TRUE,,,,,,,,,,,,,,,,,,,,,,,,
271,EJW,Exclude,,,,,TRUE,,,,,,,,,,,,,,,,,,,,,,
272,EJW,Exclude,,,,,TRUE,TRUE,,,,,,,,,,,,,,,,,,,,,
273,EJW,Exclude,,,,,TRUE,TRUE,,,,,,,,,,,,,,,,,,,,,
274,EJW,Exclude,,,TRUE,,,,,,,,,,,,,,,,,,,,,,,,
275,EJW,Exclude,,,,,,TRUE,,,,,,,,,,,,,,,,,,,,,
276,EJW,Exclude,,,,,TRUE,,,,,,,,,,,,,,,,,,,,,,
277,EJW,Exclude,,,,TRUE,,,,,,,,,,,,,,,,,,,,,,,
278,EJW,Exclude,,,,,TRUE,TRUE,,,,,,,,,,,,,,,,,,,,,
279,EJW,Exclude,,,,,TRUE,TRUE,,,,,,,,,,,,,,,,,,,,,
280,EJW,Exclude,,,TRUE,,,,,,,,,,,,,,,,,,,,,,,,
281,EJW,Exclude,,,,TRUE,,,,,,,,,,,,,,,,,,,,,,,
282,EJW,Exclude,,,,,TRUE,,,,,,,,,,,,,,,,,,,,,,
283,EJW,Inconclusive,"Can't find the paper itself, mentions range extensions but all into Alaska so unless these are from the species coming up California probably not relevant, also sponges from bottom trawls...probably deep-sea",,,,,,,,,,,,,,,,,,,,,,,,,,
284,EJW,Exclude,,,TRUE,,,,,,,,,,,,,,,,,,,,,,,,
285,EJW,Exclude,,,,,TRUE,,,,,,,,,,,,,,,,,,,,,,
286,EJW,Exclude,,,TRUE,,,,,,,,,,,,,,,,,,,,,,,,
287,EJW,Exclude,,,TRUE,,,,,,,,,,,,,,,,,,,,,,,,
288,EJW,Exclude,,,TRUE,,,,,,,,,,,,,,,,,,,,,,,,
289,EJW,Exclude,,,,,TRUE,TRUE,,,,,,,,,,,,,,,,,,,,,
290,EJW,Exclude,,,,,,TRUE,,,,,,,,,,,,,,,,,,,,,
291,JKS,Exclude,,,,,,TRUE,,,,,,,,,,,,,,,,,,,,,
292,JKS,Exclude,,TRUE,,,,,,,,,,,,,,,,,,,,,,,,,
293,JKS,Exclude,,,,,TRUE,,,,,,,,,,,,,,,,,,,,,,
294,JKS,Exclude,,TRUE,,,,,,,,,,,,,,,,,,,,,,,,,
295,JKS,Exclude,,,,,TRUE,TRUE,,,,,,,,,,,,,,,,,,,,,
296,JKS,Exclude,,,,,TRUE,,,,,,,,,,,,,,,,,,,,,,
297,JKS,Exclude,,,,,TRUE,TRUE,,,,,,,,,,,,,,,,,,,,,
298,JKS,Exclude,,,,,TRUE,TRUE,,,,,,,,,,,,,,,,,,,,,
299,JKS,Exclude,,,TRUE,,,,,,,,,,,,,,,,,,,,,,,,
300,AF,Exclude,,,,,TRUE,TRUE,,,,,,,,,,,,,,,,,,,,,
301,AF,Exclude,,,,,TRUE,,,,,,,,,,,,,,,,,,,,,,
302,AF,Exclude,,,,,TRUE,,,,,,,,,,,,,,,,,,,,,,
303,AF,Include,,,,,,,Kelletia kelletii,,Kellet's whelk,species,adult,,summer (July-August),"Hopkins Marine Life Refuge, Monterey Bay",N36 °37.27',W121 °54.10′,36.6212,Paper,-121.9017,Paper,1980,,,,"""Point Conception was the historic northern range limit for K. kelletii""",,
304,AF,Exclude,,,,,TRUE,TRUE,,,,,,,,,,,,,,,,,,,,,
305,AF,Exclude,,,TRUE,,,,,,,,,,,,,,,,,,,,,,,,
306,AF,Exclude,,,,,TRUE,,,,,,,,,,,,,,,,,,,,,,
307,AF,Exclude,,,,,TRUE,,,,,,,,,,,,,,,,,,,,,,
308,AF,Exclude,,,,,TRUE,,,,,,,,,,,,,,,,,,,,,,
309,AF,Exclude,,,,,,TRUE,,,,,,,,,,,,,,,,,,,,,
310,AF,Exclude,,,TRUE,,,,,,,,,,,,,,,,,,,,,,,,
311,AF,Exclude,,,,,,TRUE,,,,,,,,,,,,,,,,,,,,,
312,AF,Exclude,,,,TRUE,,,,,,,,,,,,,,,,,,,,,,,
313,AF,Exclude,,,,,TRUE,TRUE,,,,,,,,,,,,,,,,,,,,,
314,AF,Exclude,,,,,,TRUE,,,,,,,,,,,,,,,,,,,,,
315,AF,Exclude,,,,,,TRUE,,,,,,,,,,,,,,,,,,,,,
316,AF,Exclude,,,,,TRUE,TRUE,,,,,,,,,,,,,,,,,,,,,
317,AF,Include,,,,,,,Mexacanthina lugubris lugubris,,Dark unicorn whelk,species,adult,,,Orange County,33.5,,33.5,Paper,,,1937,,,,"Baja California; Prior to the 1970s, the northern range limit of M. l. lugubris was located near Ensenada (Radwin 1974; Becker 2005), approximately two degrees south of its contemporary northern limit. ",,
317,AF,Include,,,,,,,Mexacanthina lugubris lugubris,,Dark unicorn whelk,species,adult,,,Orange County,33.5,,33.5,Paper,,,1955,,,,"Baja California; Prior to the 1970s, the northern range limit of M. l. lugubris was located near Ensenada (Radwin 1974; Becker 2005), approximately two degrees south of its contemporary northern limit. ",,
317,AF,Include,,,,,,,Mexacanthina lugubris lugubris,,Dark unicorn whelk,species,adult,,,"Thousand Steps Beach, CA",33.49°N,− 117.739,33.49,Paper,-117.739,Paper,2003-2007,,,,"Baja California; Prior to the 1970s, the northern range limit of M. l. lugubris was located near Ensenada (Radwin 1974; Becker 2005), approximately two degrees south of its contemporary northern limit. ",,"This does not make it clear that they recorded a range extension, but paper 344 says it was, so I'm updating this row so it's attributed to the right source paper. The longitude is also from paper 344; this paper only reported latitude. Date of survey is not recorded but could ask the author. "
318,AF,Exclude,,,,,TRUE,,,,,,,,,,,,,,,,,,,,,,
319,AF,Exclude,,,,,,TRUE,,,,,,,,,,,,,,,,,,,,,
320,AF,Exclude,,,,TRUE,,,,,,,,,,,,,,,,,,,,,,,
321,AF,Exclude,,,TRUE,,,,,,,,,,,,,,,,,,,,,,,,
322,AF,Exclude,,,,,,TRUE,,,,,,,,,,,,,,,,,,,,,
323,AF,Exclude,Range extensions reported but no years attached,,,,,,,,,,,,,,,,,,,,,,,,,,
324,AF,Exclude,,,,,,TRUE,,,,,,,,,,,,,,,,,,,,,
325,AF,Exclude,,,,,,TRUE,,,,,,,,,,,,,,,,,,,,,"had some tropical species with poleward range extensions, but all within Baja"
326,AF,Exclude,,,TRUE,,,,,,,,,,,,,,,,,,,,,,,,
327,AF,Exclude,,,TRUE,,,,,,,,,,,,,,,,,,,,,,,,
328,AF,Exclude,,,,,,TRUE,,,,,,,,,,,,,,,,,,,,,
329,AF,Exclude,,,,,TRUE,,,,,,,,,,,,,,,,,,,,,,
330,AF,Exclude,,,,,,TRUE,,,,,,,,,,,,,,,,,,,,,
331,AF,Exclude,,,,,,TRUE,,,,,,,,,,,,,,,,,,,,,
332,AF,Exclude,,,,,,TRUE,,,,,,,,,,,,,,,,,,,,,
333,AF,Exclude,,,,,TRUE,,,,,,,,,,,,,,,,,,,,,,
334,AF,Exclude,,,,,TRUE,TRUE,,,,,,,,,,,,,,,,,,,,,
335,AF,Exclude,,,TRUE,,,,,,,,,,,,,,,,,,,,,,,,
336,AF,Exclude,,,,,TRUE,TRUE,,,,,,,,,,,,,,,,,,,,,
337,AF,Exclude,,,,,TRUE,,,,,,,,,,,,,,,,,,,,,,
338,AF,Exclude,,,,,TRUE,TRUE,,,,,,,,,,,,,,,,,,,,,
339,AF,Exclude,,,,,TRUE,TRUE,,,,,,,,,,,,,,,,,,,,,
340,AF,Exclude,,,TRUE,,,,,,,,,,,,,,,,,,,,,,,,
341,AF,Exclude,,,,,,TRUE,,,,,,,,,,,,,,,,,,,,,
342,AF,Include,,,,,,,Eurypon reiswigi,,sponge,,,,,"Kuchenin Pt, Sechelt Inlet, British Columbia",49° 37.060' N,123° 48.229' W,49.6177,Paper,-123.8038,Paper,2012,,,,Mexico,,other records after this; I wrote down the first year. opportunistic survey (may have been present but unseen earlier).
342,AF,Include,,,,,,,Eurypon scruposus,,sponge,,,,,"Christie Islet, Howe Sd, British Columbia",49° 29.919' N,123° 17.985' W,49.4987,Paper,-123.2998,Paper,2011,,,,Mexico,,other records after this; I wrote down the first year. opportunistic survey (may have been present but unseen earlier).
342,AF,Include,,,,,,,Oceanapia polytuba,,sponge,,,,,"Execution Rock Cave, Barkley Sd, British Columbia",48° 49.9' N,125° 10.7' W,48.8317,Paper,-125.1783,Paper,1975,,,,Gulf of California,,other records after this; I wrote down the first year. opportunistic survey (may have been present but unseen earlier).
342,AF,Include,,,,,,,Oceanapia flava,,sponge,,,,,"Sakinaw Rock, Sechelt Inlet, British Columbia",49° 34.005' N,123° 48.194' W,49.5668,Paper,-123.8032,Paper,2016,,,,Gulf of California,,other records after this; I wrote down the first year. opportunistic survey (may have been present but unseen earlier).
343,AF,Exclude,,,,,TRUE,,,,,,,,,,,,,,,,,,,,,,
344,AF,Include,,,,,,,Mexacanthina lugubris,,Dark unicorn whelk,species,adult,"""like other whelks, Mexacanthina develop directly from benthic egg cases limiting the potential for dispersal via oceanic currents""",,"San Diego, CA",,,32.663501,Google Maps,,,1974,,,,"""Native to Baja California, Mexico""",,
344,AF,Include,,,,,,,Mexacanthina lugubris,,Dark unicorn whelk,species,adult,"""like other whelks, Mexacanthina develop directly from benthic egg cases limiting the potential for dispersal via oceanic currents""",,"Thousand Steps Beach, CA",33.493,− 117.739,33.493,Paper,−117.739,Paper,2003-2007,,,,"""Native to Baja California, Mexico""",,Duplicate of record from paper 317
344,AF,Include,,,,,,,Mexacanthina lugubris,,Dark unicorn whelk,species,adult,"""like other whelks, Mexacanthina develop directly from benthic egg cases limiting the potential for dispersal via oceanic currents""",,Heisler Park,33.543,− 117.793,33.543,Paper,−117.793,Paper,2013,,,,"""Native to Baja California, Mexico""",,
344,AF,Include,,,,,,,Mexacanthina lugubris,,Dark unicorn whelk,species,adult,"""like other whelks, Mexacanthina develop directly from benthic egg cases limiting the potential for dispersal via oceanic currents""",,Leo Carillo Beach,34.044,− 118.937,34.044,Paper,−118.937,Paper,2017,,,,"""Native to Baja California, Mexico""",,unverified iNaturalist reference
345,AF,Exclude,,,,,TRUE,,,,,,,,,,,,,,,,,,,,,,
346,AF,Exclude,,,TRUE,,,,,,,,,,,,,,,,,,,,,,,,
347,AF,Exclude,,,,,TRUE,TRUE,,,,,,,,,,,,,,,,,,,,,
348,AF,Include,,,,,,,Nyctiphanes simplex ,,euphausiid,species,,,,"Seaside, Oregon ",46° N,,46,Paper,,,1983,,,,"""a neritic species whose normal range extends from Baja into southern California (~34° N)""","Brinton & Townsend 1980, 2003",
348,AF,Include,,,,,,,Nyctiphanes simplex ,,euphausiid,species,,,,"Vancouver Island, British Columbia, Canada",48 to 51° N,,48,Paper,,,1998,,,,"""a neritic species whose normal range extends from Baja into southern California (~34° N)""",Tanasichuk & Cooper (2002) and Mackas & Galbraith (2002),
348,AF,Include,,,,,,,Euphausia recurva ,,euphausiid,species,,,,Newport Line Station NH25,44°40’N,46 km offshore,44.6667,Paper,-124.65,https://globec.whoi.edu/nep/reports/ccs_cruises/jul01cr.pdf,1998,,,,"""typically restricted to offshore Transition Zone waters""","(Brinton 1962, Brinton & Townsend 2003) ",not sure if this counts as a poleward range extension (it's really shoreward)
348,AF,Include,,,,,,,Euphausia mutica ,,euphausiid,species,,,,Newport Line Station NH25,44°40’N,46 km offshore,44.6667,Paper,-124.65,https://globec.whoi.edu/nep/reports/ccs_cruises/jul01cr.pdf,1998,,,,"""typically restricted to offshore Transition Zone waters""","(Brinton 1962, Brinton & Townsend 2003) ",not sure if this counts as a poleward range extension (it's really shoreward)
348,AF,Include,,,,,,,Sagitta pseudoserratodentata,,chaetognath,species,,,,Newport Line Station NH15,44°40’N,28 km offshore,44.6667,Paper,-124.41,https://globec.whoi.edu/nep/reports/ccs_cruises/jul01cr.pdf,1998,,,,"""resides in Pacific Central waters and offshore of California to 43° N""","Bieri 1959, Alvariño 1965",
348,AF,Include,,,,,,,Centropages bradyi ,,copepod,species,,,,103 km off the Columbia River (Stn CR55),46° 16.0’ N,125° 25.2’ W,46.2667,Paper,-125.42,Paper,1997,,,,"""a warm-water copepod that is rare off Oregon... This is the most nearshore and northerly collection reported to date""",,collected at >2000m depth
349,TVT,Exclude,,,,,,TRUE,,,,,,,,,,,,,,,,,,,,,
350,TVT,Exclude,,,TRUE,,,,,,,,,,,,,,,,,,,,,,,,
351,TVT,Exclude,,,TRUE,,,,,,,,,,,,,,,,,,,,,,,,
352,TVT,Exclude,,,,,,TRUE,,,,,,,,,,,,,,,,,,,,,
353,TVT,Exclude,,,TRUE,,,,,,,,,,,,,,,,,,,,,,,,
354,TVT,Exclude,,,,,TRUE,,,,,,,,,,,,,,,,,,,,,,
355,TVT,Exclude,,,,,TRUE,,,,,,,,,,,,,,,,,,,,,,
356,TVT,Exclude,,,,,TRUE,,,,,,,,,,,,,,,,,,,,,,
357,TVT,Exclude,,,,,TRUE,,,,,,,,,,,,,,,,,,,,,,
358,TVT,Exclude,,,,,TRUE,,,,,,,,,,,,,,,,,,,,,,
359,JKS,Exclude,,,TRUE,,,,,,,,,,,,,,,,,,,,,,,,
360,JKS,Exclude,,,,,TRUE,,,,,,,,,,,,,,,,,,,,,,
361,JKS,Exclude,,,TRUE,,,,,,,,,,,,,,,,,,,,,,,,
362,TVT,Exclude,,,TRUE,,,,,,,,,,,,,,,,,,,,,,,,
363,TVT,Exclude,,,TRUE,,,,,,,,,,,,,,,,,,,,,,,,
364,TVT,Exclude,,,,,TRUE,,,,,,,,,,,,,,,,,,,,,,
365,TVT,Exclude,,,,,TRUE,,,,,,,,,,,,,,,,,,,,,,
366,JKS,Include,,,,,,,Emerita analoga,Pacific sand crab,,species,adult and juvenile (molts),,,"Karluk, Kodiak Island, AK",,,57.58193,Google Maps,,,1903,,,,"In California and Oregon it is abundant and persistent, although its Oregon population appears to be largely supplied by recruitment from California",,
366,JKS,Include,,,,,,,Emerita analoga,Pacific sand crab,,species,adult and juvenile (molts),,,"Columbia River to Kalaloch Beach, WA",,,47.604594,Google Maps,,,1941,,,,"In California and Oregon it is abundant and persistent, although its Oregon population appears to be largely supplied by recruitment from California",,
366,JKS,Include,,,,,,,Emerita analoga,Pacific sand crab,,species,adult and juvenile (molts),,,"Columbia River to Kalaloch Beach, WA",,,47.604594,Google Maps,,,1942,,,,"In California and Oregon it is abundant and persistent, although its Oregon population appears to be largely supplied by recruitment from California",,
366,JKS,Include,,,,,,,Emerita analoga,Pacific sand crab,,species,adult and juvenile (molts),,,"Fraser River, BC",,,49.110317,Google Maps,,,1957,,,,"In California and Oregon it is abundant and persistent, although its Oregon population appears to be largely supplied by recruitment from California",,
366,JKS,Include,,,,,,,Emerita analoga,Pacific sand crab,,species,adult and juvenile (molts),,,"Wickanninish Beach, BC",,,49.0333,2016 time point from Paper,,,1958,,,,"In California and Oregon it is abundant and persistent, although its Oregon population appears to be largely supplied by recruitment from California",,
366,JKS,Include,,,,,,,Emerita analoga,Pacific sand crab,,species,adult and juvenile (molts),,,"Wickanninish Beach, BC",,,49.0333,2017 time point from Paper,,,1959,,,,"In California and Oregon it is abundant and persistent, although its Oregon population appears to be largely supplied by recruitment from California",,
366,JKS,Include,,,,,,,Emerita analoga,Pacific sand crab,,species,adult and juvenile (molts),,,"Wickanninish Beach, BC",,,49.0333,2018 time point from Paper,,,1960,,,,"In California and Oregon it is abundant and persistent, although its Oregon population appears to be largely supplied by recruitment from California",,
366,JKS,Include,,,,,,,Emerita analoga,Pacific sand crab,,species,adult and juvenile (molts),,,"Wickanninish Beach, BC",,,49.0333,2019 time point from Paper,,,1961,,,,"In California and Oregon it is abundant and persistent, although its Oregon population appears to be largely supplied by recruitment from California",,
366,JKS,Include,,,,,,,Emerita analoga,Pacific sand crab,,species,adult and juvenile (molts),,,"Kyuquot Sound, BC",,,50.029345,Google Maps,,,1983,,,,"In California and Oregon it is abundant and persistent, although its Oregon population appears to be largely supplied by recruitment from California",,
366,JKS,Include,,,,,,,Emerita analoga,Pacific sand crab,,species,adult and juvenile (molts),,,"Olympic National Park Beaches, WA",,,47.577678,Google Maps,,,2006,,,,"In California and Oregon it is abundant and persistent, although its Oregon population appears to be largely supplied by recruitment from California",,
366,JKS,Include,,,,,,,Emerita analoga,Pacific sand crab,,species,adult and juvenile (molts),,,"Olympic National Park Beaches, WA",,,47.577678,Google Maps,,,2007,,,,"In California and Oregon it is abundant and persistent, although its Oregon population appears to be largely supplied by recruitment from California",,
366,JKS,Include,,,,,,,Emerita analoga,Pacific sand crab,,species,adult and juvenile (molts),,,"Olympic National Park Beaches, WA",,,47.577678,Google Maps,,,2008,,,,"In California and Oregon it is abundant and persistent, although its Oregon population appears to be largely supplied by recruitment from California",,
366,JKS,Include,,,,,,,Emerita analoga,Pacific sand crab,,species,adult and juvenile (molts),,,"Olympic National Park Beaches, WA",,,47.577678,Google Maps,,,2015,,,,"In California and Oregon it is abundant and persistent, although its Oregon population appears to be largely supplied by recruitment from California",,
28,TVT,Include,,,,,,,Emerita analoga,Pacific sand crab,,species,adult and juvenile (molts),,,"Wickanninish Beach, BC",49°02’00”,125°41’33”,49.0333,Paper,-125.6925,Paper,2016,May,28,,"In California and Oregon it is abundant and persistent, although its Oregon population appears to be largely supplied by recruitment from California",,
367,JKS,Exclude,,,,,TRUE,,,,,,,,,,,,,,,,,,,,,,
368,TVT,Exclude,,,,,,TRUE,,,,,,,,,,,,,,,,,,,,,
369,TVT,Exclude,,,,,TRUE,,,,,,,,,,,,,,,,,,,,,,
370,TVT,Exclude,,,TRUE,,,,,,,,,,,,,,,,,,,,,,,,
371,TVT,Exclude,,,,,,TRUE,,,,,,,,,,,,,,,,,,,,,
372,TVT,Exclude,,,,,TRUE,,,,,,,,,,,,,,,,,,,,,,
373,JKS,Exclude,,,TRUE,,,,,,,,,,,,,,,,,,,,,,,,
374,JKS,Include,,,,,,,Uca princeps,"Smith, 1870",Mexican fiddler crab; princely fiddler crab,species,,,,Bolsa Chica Ecological Reserve in Huntington Beach,33.7,-118.05,33.7,Paper,-118.05,Paper,2018,July,8,,"ranging along the Pacific coast of the Americas from the Sechura Bay in Northern Peru to Mexico; Over the last 30 years our recognition of the northern edge of the species range along the Pacific Coast of Baja California, Mexico has gradually extended from Bahía Tortugas, Baja California Sur (27.67°N, 114.87°W) in 1989 (Campos & Campos, 1989) to Ensenada, Baja California (31.85°N, 116.63°W) today (E. Campos, personal communication).","(Rosenberg, 2014; www.fiddlercrab.info).",
375,JKS,Exclude,,,,,TRUE,TRUE,,,,,,,,,,,,,,,,,,,,,
376,JKS,Include,,,,,,,Acanthinucella spirata,,Angular Unicorn Snail,species,,,,"Bodega Harbor, CA",38.322295,-123.04954,38.322295,Paper,-123.04954,Paper,1949,,,,Tomales Bay,"Morris et al. 1980, Hellberg et al. 2001",
376,JKS,Include,,,,,,,Acanthinucella spirata,,Angular Unicorn Snail,species,,,,Devil's Gate at Cape Mondocino,40.396,-124.378,40.396,Paper,-124.378,Paper,2017,June,,,Tomales Bay,"Morris et al. 1980, Hellberg et al. 2001",
376,JKS,Include,,,,,,,Anthopleura sola,Pearse and Francis 2000,Sunburst Sea Anemone,species,,,,"Bruhel Point, CA",39.60206,-123.78892,39.60206,Paper,-123.78892,Paper,2018,May,,,"Bodega Marine Reserve, CA",McFadden et al. 1997,
376,JKS,Include,,,,,,,Hippopodius hippopus,,Siphonophore,species,,,,"Salmon Creek Beach, CA",38.32486,-123.07265,38.32486,Paper,-123.07265,Paper,2016,April,,,"Point Conception, CA",Haddock and Case 1999,
376,JKS,Include,,,,,,,Physophora hydrostatica,Alvariño 1971,Hula Skirt Siphonophore,species,,,,"Mad River Beach, CA",40.916195,-124.140865,40.916195,Paper,-124.140865,Paper,2018,March,,,"Monterey Bay, CA",,
376,JKS,Include,,,,,,,Chrysaora colorata,,Purple-striped Jellyfish,species,,,,"Bodega Bay, CA",38.305175,-123.05303,38.305175,Paper,-123.05303,Paper,1973,July,20,,"Monterey Bay, CA","Wrobel and Mills 1998, Mills and Larson 2007; Morandini and Marques 2010",Not sure if historical range edge is Monterey or Bodega
376,JKS,Include,,,,,,,Chrysaora colorata,,Purple-striped Jellyfish,species,,,,"Mad River Beach, CA",40.916195,-124.140865,40.916195,Paper,-124.140865,Paper,2006,October,,,"Bodega Bay, CA","Wrobel and Mills 1998, Mills and Larson 2007; Morandini and Marques 2010",Not sure if historical range edge is Monterey or Bodega
376,JKS,Include,,,,,,,Chrysaora colorata,,Purple-striped Jellyfish,species,,,,"Humboldt Bay, CA",40.76099,-124.2343,40.76099,Paper,-124.2343,Paper,2014,August,29,,"Bodega Bay, CA","Wrobel and Mills 1998, Mills and Larson 2007; Morandini and Marques 2010",Not sure if historical range edge is Monterey or Bodega
376,JKS,Include,,,,,,,Chrysaora colorata,,Purple-striped Jellyfish,species,,,,"Arcadia Beach, OR",45.84735,-123.96122,45.84735,Paper,-123.96122,Paper,2017,February,,,"Bodega Bay, CA","Wrobel and Mills 1998, Mills and Larson 2007; Morandini and Marques 2010",Not sure if historical range edge is Monterey or Bodega
376,JKS,Include,,,,,,,Cestum veneris,,Venus' Girdle Ctenophore,species,,,,"Rainy Bay, Barkley Sound, BC",48.96887,-125.022978,48.96887,Paper,-125.022978,Paper,2014,April,1,,"Monterey Bay, CA","Harbison et al. 1978, Wrobel and Mills 1998",
376,JKS,Include,,,,,,,Hespererato vitellina,,Appleseed Erato Snail,species,,,,"Shell Beach, CA",38.41743,-123.10728,38.41743,Paper,-123.10728,Paper,2016,April,6,,"Bodega Marine Reserve, CA",Morris et al. 1980,
376,JKS,Include,,,,,,,Hespererato vitellina,,Appleseed Erato Snail,species,,,,"Cape Mendocino, CA",40.34137,-124.36262,40.34137,Paper,-124.36262,Paper,2017,May,25,,"Bodega Marine Reserve, CA",Morris et al. 1980,
376,JKS,Include,,,,,,,Thylacodes squamigerus,,Scaled Tube Snail,species,,,,"Salt Point State Park, CA",38.565245,-123.33385,38.565245,Paper,-123.33385,Paper,2017,February,25,,"Bodega Marine Reserve, CA",Morris et al. 1980,
376,JKS,Include,,,,,,,Creseis virgula,Bé and Gilmer 1977,Curved Needle Pteropod,species,,,,"Point Conception, CA",37,130,37,Paper,130,Paper,1950,April,,,off Central California,,
376,JKS,Include,,,,,,,Creseis virgula,Bé and Gilmer 1977,Curved Needle Pteropod,species,,,,Bodega Line Station 4,38.194175,-123.4,38.194175,Paper,-123.4,Paper,2014,November,4,,off Central California,,
376,JKS,Include,,,,,,,Hyalocylis striata,"Tesch 1946, Tesch 1948, McGowan 1967, Bé and Gilmer 1977",Striated Sea Butterfly,species,,,,Bodega Line Station 4,38.194175,-123.4,38.194175,Paper,-123.4,Paper,2014,November,4,,"Baja California, Mexico",,32 km offshore from BLM sample
376,JKS,Include,,,,,,,Berthella strongi,,Strong's Sidegill,species,,,,"MacKerricher State Park, CA",39.536724,-123.772568,39.536724,Paper,-123.772568,Paper,2016,July,4,,"Moss Beach, CA",Bertsch et al. 1972,
376,JKS,Include,,,,,,,Anteaeolidiella oliviae,,Olive's Nudibranch,species,,,,"Fort Bragg, CA",39.4513,-123.8139,39.4513,Paper,-123.8139,Paper,2015,February,16,,"Duxbury Reef, CA",Gosliner and Williams 1970,
376,JKS,Include,,,,,,,Doriopsilla albopunctata,,White-spotted Sea Goddess,species,,,,"Whiskey Creek, OR",42.2227,-124.383,42.2227,Paper,-124.383,Paper,2017,May,,,"Mendocino, CA",Goddard et al. 2016,
376,JKS,Include,,,,,,,Doriopsilla fulva,,White-spotted Dorid,species,,,,"Whiskey Creek, OR",42.2227,-124.383,42.2227,Paper,-124.383,Paper,2015,June,,,"Abalone Beach, CA",Jaeckle 1984,
376,JKS,Include,,,,,,,Doriopsilla fulva,,White-spotted Dorid,species,,,,"Netarts Bay, OR",45.42947,-123.94776,45.42947,Paper,-123.94776,Paper,2016,June,,,"Abalone Beach, CA",Jaeckle 1984,
376,JKS,Include,,,,,,,Doriopsilla fulva,,White-spotted Dorid,species,,,,"Netarts Bay, OR",45.42947,-123.94776,45.42947,Paper,-123.94776,Paper,2017,June,,,"Abalone Beach, CA",Jaeckle 1984,
376,JKS,Include,,,,,,,Janolus barbarensis,,Janolus Nudibranch,species,,,,"Bodega Harbor, CA",38.322295,-123.04954,38.322295,Paper,-123.04954,Paper,2015,September,11,,"San Francisco Bay, CA",Goddard et al. 2016; Jaeckle 1983,Morro Bay or SFB for historical
376,JKS,Include,,,,,,,Okenia angelensis,,Los Angeles Okenia,species,,,,"San Francisco Bay, CA",37.84328,-122.39656,37.84328,Paper,-122.39656,Paper,1964,September,,,southern species,Lance 1966,
376,JKS,Include,,,,,,,Okenia angelensis,,Los Angeles Okenia,species,,,,"Pillar Point Harbor, CA",37.501618,-122.483152,37.501618,Paper,-122.483152,Paper,2015,July,,,southern species,,
376,JKS,Include,,,,,,,Okenia angelensis,,Los Angeles Okenia,species,,,,"Miwok Beach, CA",38.36147,-123.069915,38.36147,Paper,-123.069915,Paper,2017,May,4,,southern species,,
376,JKS,Include,,,,,,,Phidiana hiltoni,,Hilton's Nudibranch,species,,,,"Dillon Beach, CA",38.2542,-122.969385,38.2542,Paper,-122.969385,Paper,2014,April,9,,"Duxbury Reef, CA",Goddard et al. 2011,
376,JKS,Include,,,,,,,Phidiana hiltoni,,Hilton's Nudibranch,species,,,,"Pinnacle Gulch, CA",38.305185,-123.077205,38.305185,Paper,-123.077205,Paper,2015,November,25,,"Duxbury Reef, CA",Goddard et al. 2011,
376,JKS,Include,,,,,,,Phidiana hiltoni,,Hilton's Nudibranch,species,,,,"Pinnacle Gulch, CA",38.305185,-123.077205,38.305185,Paper,-123.077205,Paper,2018,November,26,,"Duxbury Reef, CA",Goddard et al. 2011,
376,JKS,Include,,,,,,,Panulirus interruptus,,Spiny Lobster,species,,,,"San Francisco Bay, CA",37.84328,-122.39656,37.84328,Paper,-122.39656,Paper,1940,March,,,"Point Conception, CA",Ricketts and Calvin 1968,recorded as sfb but was pc
376,JKS,Include,,,,,,,Panulirus interruptus,,Spiny Lobster,species,,,,"Bodega Harbor, CA",38.322295,-123.04954,38.322295,Paper,-123.04954,Paper,2001,,,,"Point Conception, CA",Ricketts and Calvin 1968,recorded as sfb but was pc
376,JKS,Include,,,,,,,Panulirus interruptus,,Spiny Lobster,species,,,,"Point Delgada, CA",40.021645,-124.069105,40.021645,Paper,-124.069105,Paper,2005,,,,"Point Conception, CA",Ricketts and Calvin 1968,recorded as sfb but was pc
376,JKS,Include,,,,,,,Panulirus interruptus,,Spiny Lobster,species,,,,"Duxbury Reef, CA",37.901315,-122.720366,37.901315,Paper,-122.720366,Paper,2011,September,,,"Point Conception, CA",Ricketts and Calvin 1968,recorded as sfb but was pc
376,JKS,Include,,,,,,,Panulirus interruptus,,Spiny Lobster,species,,,,"Duxbury Reef, CA",37.901315,-122.720366,37.901315,Paper,-122.720366,Paper,2013,September,,,"Point Conception, CA",Ricketts and Calvin 1968,recorded as sfb but was pc
376,JKS,Include,,,,,,,Panulirus interruptus,,Spiny Lobster,species,,,,"Monterey Bay, CA",36.80405,-121.945835,36.80405,Paper,-121.945835,Paper,2015,April,,,"Point Conception, CA",Ricketts and Calvin 1968,recorded as sfb but was pc
376,JKS,Include,,,,,,,Panulirus interruptus,,Spiny Lobster,species,,,,"Oyster Point Marina, San Francisco Bay, CA",37.66241,-122.37481,37.66241,Paper,-122.37481,Paper,2016,August,,,"Point Conception, CA",Ricketts and Calvin 1968,recorded as sfb but was pc
376,JKS,Include,,,,,,,Panulirus interruptus,,Spiny Lobster,species,,,,"Horseshoe Cove, CA",38.316795,-123.06941,38.316795,Paper,-123.06941,Paper,2017,September,19,,"San Francisco Bay, CA",Ricketts and Calvin 1968,recorded as sfb but was pc
376,JKS,Include,,,,,,,Petrolisthes manimaculis,,Chocolate Porcelain Crab,species,,,,Fort Ross State Park,38.5127,-123.24772,38.5127,Paper,-123.24772,Paper,2006,,27,,"Trinidad, CA","Jensen 1995, Morris et al. 1980",
376,JKS,Include,,,,,,,Petrolisthes manimaculis,,Chocolate Porcelain Crab,species,,,,"Point St. George, CA",41.770605,-124.253885,41.770605,Paper,-124.253885,Paper,2017,May,27,,"Trinidad, CA","Jensen 1995, Morris et al. 1980",
376,JKS,Include,,,,,,,Portunus xantusii,,Xantus' Swimming Crab,species,,,,"Tomales Bay, CA",38.213,-122.955465,38.213,Paper,-122.955465,Paper,1999,,,,"Santa Barbara, CA",Morris et al. 1980; Jensen 2014,
376,JKS,Include,,,,,,,Portunus xantusii,,Xantus' Swimming Crab,species,,,,"Tomales Bay, CA",38.213,-122.955465,38.213,Paper,-122.955465,Paper,2016,November,22,,"Morro Bay, CA",Jensen 2014,
376,JKS,Include,,,,,,,Pleuroncodes planipes,,Pelagic Red Crab,species,,,,"Monterey Bay, CA",36.80405,-121.945835,36.80405,Paper,-121.945835,Paper,1859,,,,"Baja California, Mexico",Boyd 1967,
376,JKS,Include,,,,,,,Pleuroncodes planipes,,Pelagic Red Crab,species,,,,"Monterey Bay, CA",36.80405,-121.945835,36.80405,Paper,-121.945835,Paper,1960,,,,"Baja California, Mexico",Boyd 1967,
376,JKS,Include,,,,,,,Pleuroncodes planipes,,Pelagic Red Crab,species,,,,"Monterey Bay, CA",36.80405,-121.945835,36.80405,Paper,-121.945835,Paper,1973,,,,"Baja California, Mexico",Boyd 1967,
376,JKS,Include,,,,,,,Pleuroncodes planipes,,Pelagic Red Crab,species,,,,"Farallon Islands, CA",37.698795,-123.00325,37.698795,Paper,-123.00325,Paper,1983,,,,"Baja California, Mexico",Boyd 1967,
376,JKS,Include,,,,,,,Pleuroncodes planipes,,Pelagic Red Crab,species,,,,"Fort Bragg, CA",39.4513,-123.8139,39.4513,Paper,-123.8139,Paper,1985,,,,"Baja California, Mexico",Boyd 1967,
376,JKS,Include,,,,,,,Pleuroncodes planipes,,Pelagic Red Crab,species,,,,"Monterey Bay, CA",36.80405,-121.945835,36.80405,Paper,-121.945835,Paper,1998,,,,"Baja California, Mexico",Boyd 1967,
376,JKS,Include,,,,,,,Pleuroncodes planipes,,Pelagic Red Crab,species,,,,"Monterey Bay, CA",36.80405,-121.945835,36.80405,Paper,-121.945835,Paper,2015,October,,,"Baja California, Mexico",Boyd 1967,
376,JKS,Include,,,,,,,Pleuroncodes planipes,,Pelagic Red Crab,species,,,,"Monterey Bay, CA",36.80405,-121.945835,36.80405,Paper,-121.945835,Paper,2016,May,,,"Baja California, Mexico",Boyd 1967,
376,JKS,Include,,,,,,,Pleuroncodes planipes,,Pelagic Red Crab,species,,,,"Agate Beach, OR",44.65821,-124.06085,44.65821,Paper,-124.06085,Paper,2017,March,1,,"Fort Bragg, CA",,
376,JKS,Include,,,,,,,Megabalanus californicus,,Pink-striped Barnacle,species,,,,"Humboldt Bay, CA",40.76099,-124.2343,40.76099,Paper,-124.2343,Paper,1939,,,,"southern barnacle ""uncommon north of Monterey""",Newman and Abbott 1980,northern range limit Humboldt Bay published by Zullo  1968
376,JKS,Include,,,,,,,Megabalanus californicus,,Pink-striped Barnacle,species,,,,"Cordell Bank, CA",38.03306,-123.444035,38.03306,Paper,-123.444035,Paper,1981,,,,"southern barnacle ""uncommon north of Monterey""",Newman and Abbott 1980,northern range limit Humboldt Bay published by Zullo  1968
376,JKS,Include,,,,,,,Megabalanus californicus,,Pink-striped Barnacle,species,,,,"Horseshoe Cove, CA",38.316795,-123.06941,38.316795,Paper,-123.06941,Paper,1996,,,,"southern barnacle ""uncommon north of Monterey""",Newman and Abbott 1980,northern range limit Humboldt Bay published by Zullo  1968
376,JKS,Include,,,,,,,Megabalanus californicus,,Pink-striped Barnacle,species,,,,"Tomales Point, CA",38.240895,-122.99475,38.240895,Paper,-122.99475,Paper,2009,April,,,"southern barnacle ""uncommon north of Monterey""",Newman and Abbott 1980,northern range limit Humboldt Bay published by Zullo  1968
376,JKS,Include,,,,,,,Megabalanus californicus,,Pink-striped Barnacle,species,,,,"Bodega Marine Laboratory, CA",38.31180556,-123.083028,38.31180556,Paper,-123.083028,Paper,2006,September,,,"southern barnacle ""uncommon north of Monterey""",Newman and Abbott 1980,northern range limit Humboldt Bay published by Zullo  1968
376,JKS,Include,,,,,,,Megabalanus californicus,,Pink-striped Barnacle,species,,,,"Humbug State Park, OR",42.683253,-124.449214,42.683253,Paper,-124.449214,Paper,2015,June,5,,"southern barnacle ""uncommon north of Monterey""",Newman and Abbott 1980,northern range limit Humboldt Bay published by Zullo  1968
376,JKS,Include,,,,,,,Paraconcavus pacificus,,Red-striped Barnacle,species,,,,"Salmon Creek Beach, CA",38.32486,-123.07265,38.32486,Paper,-123.07265,Paper,2016,February,,,"San Francisco Bay, CA",Newman and Abbott 1980,
376,JKS,Include,,,,,,,Paraconcavus pacificus,,Red-striped Barnacle,species,,,,"MacKerricher State Park, CA",39.536724,-123.772568,39.536724,Paper,-123.772568,Paper,2017,November,12,,"San Francisco Bay, CA",Newman and Abbott 1980,
376,JKS,Include,,,,,,,Paraconcavus pacificus,,Red-striped Barnacle,species,,,,"Dillon Beach, CA",38.2542,-122.969385,38.2542,Paper,-122.969385,Paper,2019,February,,,"San Francisco Bay, CA",Newman and Abbott 1980,
376,JKS,Include,,,,,,,Ophiothrix spiculata,,Glass-spined Brittle Star,species,,,,"Farallon Islands, CA",37.698795,-123.00325,37.698795,Paper,-123.00325,Paper,1962,,,,"San Mateo County, CA",Morris et al. 1980,"perhaps moved to cordell bay, ca"
376,JKS,Include,,,,,,,Ophiothrix spiculata,,Glass-spined Brittle Star,species,,,,"Cordell Bank, CA",38.03306,-123.444035,38.03306,Paper,-123.444035,Paper,1979,,,,"San Mateo County, CA",Morris et al. 1980,"perhaps moved to cordell bay, ca"
376,JKS,Include,,,,,,,Ophiothrix spiculata,,Glass-spined Brittle Star,species,,,,"San Francisco Bay, CA",37.84328,-122.39656,37.84328,Paper,-122.39656,Paper,2002,April,,,"San Mateo County, CA",Morris et al. 1980,"perhaps moved to cordell bay, ca"
376,JKS,Include,,,,,,,Ophiothrix spiculata,,Glass-spined Brittle Star,species,,,,"Pinnacle Gulch, CA",38.305185,-123.077205,38.305185,Paper,-123.077205,Paper,2014,November,8,,"San Mateo County, CA",Morris et al. 1980,"perhaps moved to cordell bay, ca"
376,JKS,Include,,,,,,,Ophiothrix spiculata,,Glass-spined Brittle Star,species,,,,"Patrick's Point State Park, CA",41.13197,-124.16403,41.13197,Paper,-124.16403,Paper,2016,May,12,,"San Mateo County, CA",Morris et al. 1980,"perhaps moved to cordell bay, ca"
376,JKS,Include,,,,,,,Ophiothrix spiculata,,Glass-spined Brittle Star,species,,,,"Horseshoe Cove, CA",38.316795,-123.06941,38.316795,Paper,-123.06941,Paper,2018,August,,,"San Mateo County, CA",Morris et al. 1980,"perhaps moved to cordell bay, ca"
376,JKS,Include,,,,,,,Lissothuria nutriens,,Scarlet Sea Cucumber,species,,,,Bodega Head,38.305175,-123.05303,38.305175,Paper,-123.05303,Paper,2010,July,,,"Bodega Marine Reserve, CA",Wootten 1949); Rutherford 1975,perhaps further south of Bodega is the typical range edge
376,JKS,Include,,,,,,,Lissothuria nutriens,,Scarlet Sea Cucumber,species,,,,"Fort Ross Reef, CA",38.50203,-123.230115,38.50203,Paper,-123.230115,Paper,2017,June,25,,"Bodega Marine Reserve, CA",Wootten 1949); Rutherford 1975,perhaps further south of Bodega is the typical range edge
376,JKS,Include,,,,,,,Pachythyone rubra,,Red Sea Cucumber,species,,,,"Pinnacle Gulch, CA",38.305185,-123.077205,38.305185,Paper,-123.077205,Paper,1976,July,,,Los Angeles to Monterey Bay,"Morris et al. 1980, Bergen 1996, Ekert 2007, Lambert 2007",
376,JKS,Include,,,,,,,Pachythyone rubra,,Red Sea Cucumber,species,,,,"Año Nuevo Cove, CA",37.11285,-122.32908,37.11285,Paper,-122.32908,Paper,1971,,,,Los Angeles to Monterey Bay,"Morris et al. 1980, Bergen 1996, Ekert 2007, Lambert 2007",
376,JKS,Include,,,,,,,Pachythyone rubra,,Red Sea Cucumber,species,,,,"Año Nuevo Cove, CA",37.11285,-122.32908,37.11285,Paper,-122.32908,Paper,1972,,,,Los Angeles to Monterey Bay,"Morris et al. 1980, Bergen 1996, Ekert 2007, Lambert 2007",
376,JKS,Include,,,,,,,Pachythyone rubra,,Red Sea Cucumber,species,,,,"Año Nuevo Cove, CA",37.11285,-122.32908,37.11285,Paper,-122.32908,Paper,1973,,,,Los Angeles to Monterey Bay,"Morris et al. 1980, Bergen 1996, Ekert 2007, Lambert 2007",
376,JKS,Include,,,,,,,Pachythyone rubra,,Red Sea Cucumber,species,,,,"Pigeon Point, CA",37.18138,-122.39418,37.18138,Paper,-122.39418,Paper,1997,,,,Los Angeles to Monterey Bay,"Morris et al. 1980, Bergen 1996, Ekert 2007, Lambert 2007",
376,JKS,Include,,,,,,,Pachythyone rubra,,Red Sea Cucumber,species,,,,"Bodega Marine Reserve, CA",38.31874,-123.07411,38.31874,Paper,-123.07411,Paper,2017,December,30,,Los Angeles to Monterey Bay,"Morris et al. 1980, Bergen 1996, Ekert 2007, Lambert 2007",
377,EJW,Exclude,,,TRUE,,,,,,,,,,,,,,,,,,,,,,,,
378,EJW,Exclude,,,TRUE,,,,,,,,,,,,,,,,,,,,,,,,
379,EJW,Exclude,,,,,,,,,,,,,,,,,,,,,,,,,,,
380,EJW,Exclude,,,,,TRUE,,,,,,,,,,,,,,,,,,,,,,
381,EJW,Exclude,,,TRUE,,,,,,,,,,,,,,,,,,,,,,,,
382,JKS,Exclude,,,,,TRUE,,,,,,,,,,,,,,,,,,,,,,
383,EJW,Include,,,,,,,Pyrosoma atlanticum,,,species,,,,"from Oregon to BritishColumbia, and occurred in scientific samples as far north asthe Gulf of Alaska",59-60 degrees N,-146 to -144 degrees E,59,Paper,,,2017,,,,"common only as far north as southern California, rarely seen North of the sate",,
384,EJW,Inconclusive,data used is from CalCOFI and analysis is primarily related to abundance - JKS,,,,,,Salpa maxima,,,species,,,,Southern California,,,,,,,1951-1976,,,,,,*seen here in 1951-1976 but then essentially absent from the region thereafter
384,EJW,Inconclusive,data used is from CalCOFI and analysis is primarily related to abundance - JKS,,,,,,Pegea socia,,,species,,,,Southern California,,,,,,,1951-1976,,,,,,*seen here in 1951-1976 but then essentially absent from the region thereafter
384,EJW,Inconclusive,data used is from CalCOFI and analysis is primarily related to abundance - JKS,,,,,,Cyclosalpa bakeri,,,species,,,,Southern California,,,,,,,1951-1976,,,,,,*seen here in 1951-1976 but then essentially absent from the region thereafter
384,EJW,Inconclusive,data used is from CalCOFI and analysis is primarily related to abundance - JKS,,,,,,Cyclosalpa affinis,,,species,,,,Southern California,,,,,,,1951-1976,,,,,,*seen here in 1951-1976 but then essentially absent from the region thereafter
384,EJW,Inconclusive,data used is from CalCOFI and analysis is primarily related to abundance - JKS,,,,,,Cyclosalpa bakeri,,,species,,,,Southern California,,,,,,,2001,,,,,,*reappeared in large numbers in the region in 2001
384,EJW,Inconclusive,data used is from CalCOFI and analysis is primarily related to abundance - JKS,,,,,,Cyclosalpa affinis,,,species,,,,Southern California,,,,,,,2001,,,,,,*reappeared in large numbers in the region in 2001
385,TVT,Inconclusive,"Details global range shifts across broad groupings (benthic inverts, seabirds, etc) rather than individual species",,,,,,,,,,,,,,,,,,,,,,,,,,
386,JKS,Include,,,,,,,Aplysia californica,Cooper J.G. (1863),sea hare,species,,,,"Yaquina Bay Jetty, OR",,,44.609567,Google Maos,,,1983,October,"14, 19",,California ,GBIF,
387,AF,Include,,,,,,,Dosidicus gigas,,"Giant squid, Humboldt squid",species,adult,,,Newport to Bandon,from 43°N to at least 43°40′N,,43.6667,Paper,,,1997,,,,"""endemic to the eastern tropical Pacific (Wormuth, 1976), but occasionally occurs off southern California.""","Wormuth, 1976",
388,JKS,Include,,,,,,,Dosidicus gigas,,Jumbo squid,species,adult,,,San Pedro,,,33.700615,Google Maos,,,1934,August,6,,"Occasional specimens have been taken oft the eastern coast of Australia and in waters to the eastward, off Chile and Peru. from Southern California waters and from Monterey Bay.",,
389,JKS,Include,,,,,,,Dosidicus gigas,,Jumbo squid,species,adult,,,"Monterey, CA",,,36.611029,Google Maos,,,1911,,,,"Occasional specimens have been taken oft the eastern coast of Australia and in waters to the eastward, off Chile and Peru. from Southern California waters and from Monterey Bay.",,
389,TVT,Include,,,,,,,Acanthinucella spirata,"Blainville, 1832",,species,,,,"Cape Mendocino, CA",40.396N,-124.378W,40.396,Paper,-124.378,Paper,2017,June,17,,"Tomales Bay, California to Punta Baja, Baja California",,
390,EJW,Inconclusive,"*This paper doesn't give much detail other than saying that the species was in surveys south of Point Conception but wasn't in surveys north of Point Conception until the 1970's and cites an annotated list of benthic algae and invertebrates in the kelp forest community at Point Cabrillo, Pacific Grove, California which gives the details on these surveys but is only available to be viewed in person in the McHenry Library. I've added this to the backward search for someone to go check out and see if we can recover greater details from when the species appears in this list.",,,,,,Kelletia kelletii,"(Forbes, 1852)",,,,,,"California, north of point conception",,,,,,,1970's,,,,"California, south of point conception",,
391,JKS,,getting from library,,,,,,,,,,,,,,,,,,,,,,,,,,
392,JKS,,getting from library,,,,,,,,,,,,,,,,,,,,,,,,,,
393,JKS,Include,,,,,,,Dosidicus gigas,,Humboldt squid or jumbo flying squid,species,,,,Yakutat,,,59.485662,Google Maos,,,1997,,,,has a range extending from 35° N (California) south to Tierra del Fuego in South America,"Norman, 2000; Roper et. al., 1984",
393,JKS,Include,,,,,,,Dosidicus gigas,,Humboldt squid or jumbo flying squid,species,,,,"The collection location was ""about 20 km southwest of Carmanah Point and 7 km south of Swiftsure Bank"" near Vancouver Island",,,48.5,ChatGPT,-124.85,ChatGPT,2004,October,2,,has a range extending from 35° N (California) south to Tierra del Fuego in South America,"Norman, 2000; Roper et. al., 1984",
394,JKS,Include,,,,,,,Dosidicus gigas,,Jumbo squid,species,,,,Newport to Bandon,43°N to at least 43°40′N,,43.6667,Paper,,,1997,September,30,,occasionally occurs off southern California,,
395,JKS,Exclude,,,TRUE,,,,,,,,,,,,,,,,,,,,,,,,
396,JKS,Exclude,,,,,TRUE,,,,,,,,,,,,,,,,,,,,,,
397,JKS,Exclude,,,,,TRUE,TRUE,,,,,,,,,,,,,,,,,,,,,
398,JKS,Exclude,,,,,TRUE,,,,,,,,,,,,,,,,,,,,,,
399,JKS,Include,original of data already recorded. has more specifics,,,,,,Kelletia kelletii,"Forbes, 1852",,species,,,,"Hopkins Marine Life Refuge, Pacific Grove, CA",,,,,,,1980,May,2,,"""These records are significant due to the lack of reports of Kelletia kelletii north of Point Conception""","Abbott 1974, McLean 1978",
399,JKS,Include,original of data already recorded. has more specifics,,,,,,Kelletia kelletii,"Forbes, 1852",,species,,,,Monterey Macrocystis forest,,,,,,,1981,January,,,"""These records are significant due to the lack of reports of Kelletia kelletii north of Point Conception""","Abbott 1974, McLean 1978",
400,JKS,Exclude,,,,,TRUE,,,,,,,,,,,,,,,,,,,,,,
401,JKS,Exclude,,,,,TRUE,,,,,,,,,,,,,,,,,,,,,,In 1936 they seemed to be even more abundant all the way from Monterey Bay to San Diego. It was in this year that they were first recognized as a nuisance by the fishermen.
402,JKS,,getting from library,,,,,,,,,,,,,,,,,,,,,,,,,,
403,JKS,Include,,,,,,,Dosidicus gigas,,Humboldt squid,species,,,,"Chesterman Beach, Tofino BC",49.11374,−125.8907608,49.11374,Paper,−125.8907608,Paper,2009,August,"days 2, 4, 6",,historic range extending along the eastern Pacific Ocean from Chile to California,Nigmatullin et al. 2001,
403,JKS,Include,,,,,,,Dosidicus gigas,,Humboldt squid,species,,,,"Chesterman Beach, Tofino BC",49.11374,−125.8907608,49.11374,Paper,−125.8907608,Paper,2009,September,27,,historic range extending along the eastern Pacific Ocean from Chile to California,Nigmatullin et al. 2001,
404,JKS,Exclude,,,,,TRUE,,,,,,,,,,,,,,,,,,,,,,